path,true_index,supcon_pred,b1_384_pred,ensemble_pred,supcon_correct,b1_384_correct,ensemble_correct
hair_clean_v1_20260907_053616/original/val/모낭사이홍반/모낭사이홍반_00001.jpg,0,2,2,2,False,False,False
hair_clean_v1_20260907_053616/original/val/모낭사이홍반/모낭사이홍반_00002.jpg,0,0,0,0,True,True,True
hair_clean_v1_20260907_053616/original/val/모낭사이홍반/모낭사이홍반_00003.jpg,0,0,0,0,True,True,True
hair_clean_v1_20260907_053616/original/val/모낭사이홍반/모낭사이홍반_00004.jpg,0,0,0,0,True,True,True
hair_clean_v1_20260907_053616/original/val/모낭사이홍반/모낭사이홍반_00005.jpg,0,0,0,0,True,True,True
hair_clean_v1_20260907_053616/original/val/모낭사이홍반/모낭사이홍반_00006.jpg,0,0,0,0,True,True,True
hair_clean_v1_20260907_053616/original/val/모낭사이홍반/모낭사이홍반_00007.jpg,0,3,3,3,False,False,False
hair_clean_v1_20260907_053616/original/val/모낭사이홍반/모낭사이홍반_00008.jpg,0,0,0,0,True,True,True
hair_clean_v1_20260907_053616/original/val/모낭사이홍반/모낭사이홍반_00009.jpg,0,0,0,0,True,True,True
hair_clean_v1_20260907_053616/original/val/모낭사이홍반/모낭사이홍반_00010.jpg,0,0,0,0,True,True,True
hair_clean_v1_20260907_053616/original/val/모낭사이홍반/모낭사이홍반_00011.jpg,0,0,0,0,True,True,True
hair_clean_v1_20260907_053616/original/val/모낭사이홍반/모낭사이홍반_00012.jpg,0,0,0,0,True,True,True
hair_clean_v1_20260907_053616/original/val/모낭사이홍반/모낭사이홍반_00013.jpg,0,0,0,0,True,True,True
hair_clean_v1_20260907_053616/original/val/모낭사이홍반/모낭사이홍반_00014.jpg,0,0,0,0,True,True,True
hair_clean_v1_20260907_053616/original/val/모낭사이홍반/모낭사이홍반_00015.jpg,0,3,4,3,False,False,False
hair_clean_v1_20260907_053616/original/val/모낭사이홍반/모낭사이홍반_00016.jpg,0,0,0,0,True,True,True
hair_clean_v1_20260907_053616/original/val/모낭사이홍반/모낭사이홍반_00017.jpg,0,0,0,0,True,True,True
hair_clean_v1_20260907_053616/original/val/모낭사이홍반/모낭사이홍반_00018.jpg,0,0,0,0,True,True,True
hair_clean_v1_20260907_053616/original/val/모낭사이홍반/모낭사이홍반_00019.jpg,0,0,0,0,True,True,True
hair_clean_v1_20260907_053616/original/val/모낭사이홍반/모낭사이홍반_00020.jpg,0,3,3,3,False,False,False
hair_clean_v1_20260907_053616/original/val/모낭사이홍반/모낭사이홍반_00021.jpg,0,3,3,3,False,False,False
hair_clean_v1_20260907_053616/original/val/모낭사이홍반/모낭사이홍반_00022.jpg,0,0,0,0,True,True,True
hair_clean_v1_20260907_053616/original/val/모낭사이홍반/모낭사이홍반_00023.jpg,0,0,0,0,True,True,True
hair_clean_v1_20260907_053616/original/val/모낭사이홍반/모낭사이홍반_00024.jpg,0,0,0,0,True,True,True
hair_clean_v1_20260907_053616/original/val/모낭사이홍반/모낭사이홍반_00025.jpg,0,0,0,0,True,True,True
hair_clean_v1_20260907_053616/original/val/모낭사이홍반/모낭사이홍반_00026.jpg,0,2,0,2,False,True,False
hair_clean_v1_20260907_053616/original/val/모낭사이홍반/모낭사이홍반_00027.jpg,0,0,0,0,True,True,True
hair_clean_v1_20260907_053616/original/val/모낭사이홍반/모낭사이홍반_00028.jpg,0,0,0,0,True,True,True
hair_clean_v1_20260907_053616/original/val/모낭사이홍반/모낭사이홍반_00029.jpg,0,0,0,0,True,True,True
hair_clean_v1_20260907_053616/original/val/모낭사이홍반/모낭사이홍반_00030.jpg,0,0,0,0,True,True,True
hair_clean_v1_20260907_053616/original/val/모낭사이홍반/모낭사이홍반_00031.jpg,0,0,0,0,True,True,True
hair_clean_v1_20260907_053616/original/val/모낭사이홍반/모낭사이홍반_00032.jpg,0,0,0,0,True,True,True
hair_clean_v1_20260907_053616/original/val/모낭사이홍반/모낭사이홍반_00033.jpg,0,0,0,0,True,True,True
hair_clean_v1_20260907_053616/original/val/모낭사이홍반/모낭사이홍반_00034.jpg,0,0,0,0,True,True,True
hair_clean_v1_20260907_053616/original/val/모낭사이홍반/모낭사이홍반_00035.jpg,0,0,0,0,True,True,True
hair_clean_v1_20260907_053616/original/val/모낭사이홍반/모낭사이홍반_00036.jpg,0,0,0,0,True,True,True
hair_clean_v1_20260907_053616/original/val/모낭사이홍반/모낭사이홍반_00037.jpg,0,0,0,0,True,True,True
hair_clean_v1_20260907_053616/original/val/모낭사이홍반/모낭사이홍반_00038.jpg,0,0,0,0,True,True,True
hair_clean_v1_20260907_053616/original/val/모낭사이홍반/모낭사이홍반_00039.jpg,0,0,0,0,True,True,True
hair_clean_v1_20260907_053616/original/val/모낭사이홍반/모낭사이홍반_00040.jpg,0,0,0,0,True,True,True
hair_clean_v1_20260907_053616/original/val/모낭사이홍반/모낭사이홍반_00041.jpg,0,0,0,0,True,True,True
hair_clean_v1_20260907_053616/original/val/모낭사이홍반/모낭사이홍반_00042.jpg,0,0,0,0,True,True,True
hair_clean_v1_20260907_053616/original/val/모낭사이홍반/모낭사이홍반_00043.jpg,0,3,3,3,False,False,False
hair_clean_v1_20260907_053616/original/val/모낭사이홍반/모낭사이홍반_00044.jpg,0,0,0,0,True,True,True
hair_clean_v1_20260907_053616/original/val/모낭사이홍반/모낭사이홍반_00045.jpg,0,0,0,0,True,True,True
hair_clean_v1_20260907_053616/original/val/모낭사이홍반/모낭사이홍반_00046.jpg,0,0,0,0,True,True,True
hair_clean_v1_20260907_053616/original/val/모낭사이홍반/모낭사이홍반_00047.jpg,0,0,0,0,True,True,True
hair_clean_v1_20260907_053616/original/val/모낭사이홍반/모낭사이홍반_00048.jpg,0,4,4,4,False,False,False
hair_clean_v1_20260907_053616/original/val/모낭사이홍반/모낭사이홍반_00049.jpg,0,0,0,0,True,True,True
hair_clean_v1_20260907_053616/original/val/모낭사이홍반/모낭사이홍반_00050.jpg,0,0,0,0,True,True,True
hair_clean_v1_20260907_053616/original/val/모낭사이홍반/모낭사이홍반_00051.jpg,0,0,0,0,True,True,True
hair_clean_v1_20260907_053616/original/val/모낭사이홍반/모낭사이홍반_00052.jpg,0,0,0,0,True,True,True
hair_clean_v1_20260907_053616/original/val/모낭사이홍반/모낭사이홍반_00053.jpg,0,0,0,0,True,True,True
hair_clean_v1_20260907_053616/original/val/모낭사이홍반/모낭사이홍반_00054.jpg,0,0,0,0,True,True,True
hair_clean_v1_20260907_053616/original/val/모낭사이홍반/모낭사이홍반_00055.jpg,0,0,0,0,True,True,True
hair_clean_v1_20260907_053616/original/val/모낭사이홍반/모낭사이홍반_00056.jpg,0,0,0,0,True,True,True
hair_clean_v1_20260907_053616/original/val/모낭사이홍반/모낭사이홍반_00057.jpg,0,0,0,0,True,True,True
hair_clean_v1_20260907_053616/original/val/모낭사이홍반/모낭사이홍반_00058.jpg,0,0,0,0,True,True,True
hair_clean_v1_20260907_053616/original/val/모낭사이홍반/모낭사이홍반_00059.jpg,0,0,0,0,True,True,True
hair_clean_v1_20260907_053616/original/val/모낭사이홍반/모낭사이홍반_00060.jpg,0,0,0,0,True,True,True
hair_clean_v1_20260907_053616/original/val/모낭사이홍반/모낭사이홍반_00061.jpg,0,0,0,0,True,True,True
hair_clean_v1_20260907_053616/original/val/모낭사이홍반/모낭사이홍반_00062.jpg,0,0,0,0,True,True,True
hair_clean_v1_20260907_053616/original/val/모낭사이홍반/모낭사이홍반_00063.jpg,0,0,0,0,True,True,True
hair_clean_v1_20260907_053616/original/val/모낭사이홍반/모낭사이홍반_00064.jpg,0,1,1,1,False,False,False
hair_clean_v1_20260907_053616/original/val/모낭사이홍반/모낭사이홍반_00065.jpg,0,0,0,0,True,True,True
hair_clean_v1_20260907_053616/original/val/모낭사이홍반/모낭사이홍반_00066.jpg,0,0,3,3,True,False,False
hair_clean_v1_20260907_053616/original/val/모낭사이홍반/모낭사이홍반_00067.jpg,0,0,0,0,True,True,True
hair_clean_v1_20260907_053616/original/val/모낭사이홍반/모낭사이홍반_00068.jpg,0,0,0,0,True,True,True
hair_clean_v1_20260907_053616/original/val/모낭사이홍반/모낭사이홍반_00069.jpg,0,0,0,0,True,True,True
hair_clean_v1_20260907_053616/original/val/모낭사이홍반/모낭사이홍반_00070.jpg,0,1,1,1,False,False,False
hair_clean_v1_20260907_053616/original/val/모낭사이홍반/모낭사이홍반_00071.jpg,0,0,0,0,True,True,True
hair_clean_v1_20260907_053616/original/val/모낭사이홍반/모낭사이홍반_00072.jpg,0,3,0,0,False,True,True
hair_clean_v1_20260907_053616/original/val/모낭사이홍반/모낭사이홍반_00073.jpg,0,0,0,0,True,True,True
hair_clean_v1_20260907_053616/original/val/모낭사이홍반/모낭사이홍반_00074.jpg,0,3,3,3,False,False,False
hair_clean_v1_20260907_053616/original/val/모낭사이홍반/모낭사이홍반_00075.jpg,0,0,0,0,True,True,True
hair_clean_v1_20260907_053616/original/val/모낭사이홍반/모낭사이홍반_00076.jpg,0,0,0,0,True,True,True
hair_clean_v1_20260907_053616/original/val/모낭사이홍반/모낭사이홍반_00077.jpg,0,0,0,0,True,True,True
hair_clean_v1_20260907_053616/original/val/모낭사이홍반/모낭사이홍반_00078.jpg,0,0,0,0,True,True,True
hair_clean_v1_20260907_053616/original/val/모낭사이홍반/모낭사이홍반_00079.jpg,0,0,0,0,True,True,True
hair_clean_v1_20260907_053616/original/val/모낭사이홍반/모낭사이홍반_00080.jpg,0,0,0,0,True,True,True
hair_clean_v1_20260907_053616/original/val/모낭사이홍반/모낭사이홍반_00081.jpg,0,0,3,0,True,False,True
hair_clean_v1_20260907_053616/original/val/모낭사이홍반/모낭사이홍반_00082.jpg,0,0,0,0,True,True,True
hair_clean_v1_20260907_053616/original/val/모낭사이홍반/모낭사이홍반_00083.jpg,0,0,0,0,True,True,True
hair_clean_v1_20260907_053616/original/val/모낭사이홍반/모낭사이홍반_00084.jpg,0,0,3,0,True,False,True
hair_clean_v1_20260907_053616/original/val/모낭사이홍반/모낭사이홍반_00085.jpg,0,0,0,0,True,True,True
hair_clean_v1_20260907_053616/original/val/모낭사이홍반/모낭사이홍반_00086.jpg,0,0,0,0,True,True,True
hair_clean_v1_20260907_053616/original/val/모낭사이홍반/모낭사이홍반_00087.jpg,0,0,0,0,True,True,True
hair_clean_v1_20260907_053616/original/val/모낭사이홍반/모낭사이홍반_00088.jpg,0,0,0,0,True,True,True
hair_clean_v1_20260907_053616/original/val/모낭사이홍반/모낭사이홍반_00089.jpg,0,0,0,0,True,True,True
hair_clean_v1_20260907_053616/original/val/모낭사이홍반/모낭사이홍반_00090.jpg,0,0,0,0,True,True,True
hair_clean_v1_20260907_053616/original/val/모낭사이홍반/모낭사이홍반_00091.jpg,0,0,0,0,True,True,True
hair_clean_v1_20260907_053616/original/val/모낭사이홍반/모낭사이홍반_00092.jpg,0,0,3,3,True,False,False
hair_clean_v1_20260907_053616/original/val/모낭사이홍반/모낭사이홍반_00093.jpg,0,0,0,0,True,True,True
hair_clean_v1_20260907_053616/original/val/모낭사이홍반/모낭사이홍반_00094.jpg,0,0,0,0,True,True,True
hair_clean_v1_20260907_053616/original/val/모낭사이홍반/모낭사이홍반_00095.jpg,0,0,0,0,True,True,True
hair_clean_v1_20260907_053616/original/val/모낭사이홍반/모낭사이홍반_00096.jpg,0,0,0,0,True,True,True
hair_clean_v1_20260907_053616/original/val/모낭사이홍반/모낭사이홍반_00097.jpg,0,0,0,0,True,True,True
hair_clean_v1_20260907_053616/original/val/모낭사이홍반/모낭사이홍반_00098.jpg,0,0,0,0,True,True,True
hair_clean_v1_20260907_053616/original/val/모낭사이홍반/모낭사이홍반_00099.jpg,0,0,0,0,True,True,True
hair_clean_v1_20260907_053616/original/val/모낭사이홍반/모낭사이홍반_00100.jpg,0,0,0,0,True,True,True
hair_clean_v1_20260907_053616/original/val/모낭사이홍반/모낭사이홍반_00101.jpg,0,0,0,0,True,True,True
hair_clean_v1_20260907_053616/original/val/모낭사이홍반/모낭사이홍반_00102.jpg,0,0,0,0,True,True,True
hair_clean_v1_20260907_053616/original/val/모낭사이홍반/모낭사이홍반_00103.jpg,0,0,0,0,True,True,True
hair_clean_v1_20260907_053616/original/val/모낭사이홍반/모낭사이홍반_00104.jpg,0,0,0,0,True,True,True
hair_clean_v1_20260907_053616/original/val/모낭사이홍반/모낭사이홍반_00105.jpg,0,0,0,0,True,True,True
hair_clean_v1_20260907_053616/original/val/모낭사이홍반/모낭사이홍반_00106.jpg,0,2,0,2,False,True,False
hair_clean_v1_20260907_053616/original/val/모낭사이홍반/모낭사이홍반_00107.jpg,0,0,0,0,True,True,True
hair_clean_v1_20260907_053616/original/val/모낭사이홍반/모낭사이홍반_00108.jpg,0,1,1,1,False,False,False
hair_clean_v1_20260907_053616/original/val/모낭사이홍반/모낭사이홍반_00109.jpg,0,0,0,0,True,True,True
hair_clean_v1_20260907_053616/original/val/모낭사이홍반/모낭사이홍반_00110.jpg,0,0,0,0,True,True,True
hair_clean_v1_20260907_053616/original/val/모낭사이홍반/모낭사이홍반_00111.jpg,0,0,0,0,True,True,True
hair_clean_v1_20260907_053616/original/val/모낭사이홍반/모낭사이홍반_00112.jpg,0,0,0,0,True,True,True
hair_clean_v1_20260907_053616/original/val/모낭사이홍반/모낭사이홍반_00113.jpg,0,2,1,1,False,False,False
hair_clean_v1_20260907_053616/original/val/모낭사이홍반/모낭사이홍반_00114.jpg,0,3,3,3,False,False,False
hair_clean_v1_20260907_053616/original/val/모낭사이홍반/모낭사이홍반_00115.jpg,0,0,0,0,True,True,True
hair_clean_v1_20260907_053616/original/val/모낭사이홍반/모낭사이홍반_00116.jpg,0,0,3,0,True,False,True
hair_clean_v1_20260907_053616/original/val/모낭사이홍반/모낭사이홍반_00117.jpg,0,0,0,0,True,True,True
hair_clean_v1_20260907_053616/original/val/모낭사이홍반/모낭사이홍반_00118.jpg,0,0,0,0,True,True,True
hair_clean_v1_20260907_053616/original/val/모낭사이홍반/모낭사이홍반_00119.jpg,0,1,0,0,False,True,True
hair_clean_v1_20260907_053616/original/val/모낭사이홍반/모낭사이홍반_00120.jpg,0,0,0,0,True,True,True
hair_clean_v1_20260907_053616/original/val/모낭사이홍반/모낭사이홍반_00121.jpg,0,0,0,0,True,True,True
hair_clean_v1_20260907_053616/original/val/모낭사이홍반/모낭사이홍반_00122.jpg,0,0,0,0,True,True,True
hair_clean_v1_20260907_053616/original/val/모낭사이홍반/모낭사이홍반_00123.jpg,0,0,0,0,True,True,True
hair_clean_v1_20260907_053616/original/val/모낭사이홍반/모낭사이홍반_00124.jpg,0,3,3,3,False,False,False
hair_clean_v1_20260907_053616/original/val/모낭사이홍반/모낭사이홍반_00125.jpg,0,0,0,0,True,True,True
hair_clean_v1_20260907_053616/original/val/모낭사이홍반/모낭사이홍반_00126.jpg,0,0,0,0,True,True,True
hair_clean_v1_20260907_053616/original/val/모낭사이홍반/모낭사이홍반_00127.jpg,0,0,0,0,True,True,True
hair_clean_v1_20260907_053616/original/val/모낭사이홍반/모낭사이홍반_00128.jpg,0,1,1,1,False,False,False
hair_clean_v1_20260907_053616/original/val/모낭사이홍반/모낭사이홍반_00129.jpg,0,3,0,3,False,True,False
hair_clean_v1_20260907_053616/original/val/모낭사이홍반/모낭사이홍반_00130.jpg,0,3,3,3,False,False,False
hair_clean_v1_20260907_053616/original/val/모낭사이홍반/모낭사이홍반_00131.jpg,0,0,0,0,True,True,True
hair_clean_v1_20260907_053616/original/val/모낭사이홍반/모낭사이홍반_00132.jpg,0,0,0,0,True,True,True
hair_clean_v1_20260907_053616/original/val/모낭사이홍반/모낭사이홍반_00133.jpg,0,3,0,3,False,True,False
hair_clean_v1_20260907_053616/original/val/모낭사이홍반/모낭사이홍반_00134.jpg,0,0,0,0,True,True,True
hair_clean_v1_20260907_053616/original/val/모낭사이홍반/모낭사이홍반_00135.jpg,0,0,0,0,True,True,True
hair_clean_v1_20260907_053616/original/val/모낭사이홍반/모낭사이홍반_00136.jpg,0,0,0,0,True,True,True
hair_clean_v1_20260907_053616/original/val/모낭사이홍반/모낭사이홍반_00137.jpg,0,0,0,0,True,True,True
hair_clean_v1_20260907_053616/original/val/모낭사이홍반/모낭사이홍반_00138.jpg,0,0,0,0,True,True,True
hair_clean_v1_20260907_053616/original/val/모낭사이홍반/모낭사이홍반_00139.jpg,0,0,0,0,True,True,True
hair_clean_v1_20260907_053616/original/val/모낭사이홍반/모낭사이홍반_00140.jpg,0,3,3,3,False,False,False
hair_clean_v1_20260907_053616/original/val/모낭사이홍반/모낭사이홍반_00141.jpg,0,0,0,0,True,True,True
hair_clean_v1_20260907_053616/original/val/모낭사이홍반/모낭사이홍반_00142.jpg,0,1,1,1,False,False,False
hair_clean_v1_20260907_053616/original/val/모낭사이홍반/모낭사이홍반_00143.jpg,0,0,0,0,True,True,True
hair_clean_v1_20260907_053616/original/val/모낭사이홍반/모낭사이홍반_00144.jpg,0,2,2,2,False,False,False
hair_clean_v1_20260907_053616/original/val/모낭사이홍반/모낭사이홍반_00145.jpg,0,0,0,0,True,True,True
hair_clean_v1_20260907_053616/original/val/모낭사이홍반/모낭사이홍반_00146.jpg,0,0,0,0,True,True,True
hair_clean_v1_20260907_053616/original/val/모낭사이홍반/모낭사이홍반_00147.jpg,0,0,0,0,True,True,True
hair_clean_v1_20260907_053616/original/val/모낭사이홍반/모낭사이홍반_00148.jpg,0,0,2,0,True,False,True
hair_clean_v1_20260907_053616/original/val/모낭사이홍반/모낭사이홍반_00149.jpg,0,0,0,0,True,True,True
hair_clean_v1_20260907_053616/original/val/모낭사이홍반/모낭사이홍반_00150.jpg,0,0,0,0,True,True,True
hair_clean_v1_20260907_053616/original/val/모낭사이홍반/모낭사이홍반_00151.jpg,0,0,0,0,True,True,True
hair_clean_v1_20260907_053616/original/val/모낭사이홍반/모낭사이홍반_00152.jpg,0,0,0,0,True,True,True
hair_clean_v1_20260907_053616/original/val/모낭사이홍반/모낭사이홍반_00153.jpg,0,0,0,0,True,True,True
hair_clean_v1_20260907_053616/original/val/모낭사이홍반/모낭사이홍반_00154.jpg,0,0,0,0,True,True,True
hair_clean_v1_20260907_053616/original/val/모낭사이홍반/모낭사이홍반_00155.jpg,0,0,0,0,True,True,True
hair_clean_v1_20260907_053616/original/val/모낭사이홍반/모낭사이홍반_00156.jpg,0,0,0,0,True,True,True
hair_clean_v1_20260907_053616/original/val/모낭사이홍반/모낭사이홍반_00157.jpg,0,3,0,3,False,True,False
hair_clean_v1_20260907_053616/original/val/모낭사이홍반/모낭사이홍반_00158.jpg,0,0,0,0,True,True,True
hair_clean_v1_20260907_053616/original/val/모낭사이홍반/모낭사이홍반_00159.jpg,0,0,0,0,True,True,True
hair_clean_v1_20260907_053616/original/val/모낭사이홍반/모낭사이홍반_00160.jpg,0,0,0,0,True,True,True
hair_clean_v1_20260907_053616/original/val/모낭사이홍반/모낭사이홍반_00161.jpg,0,0,0,0,True,True,True
hair_clean_v1_20260907_053616/original/val/모낭사이홍반/모낭사이홍반_00162.jpg,0,0,0,0,True,True,True
hair_clean_v1_20260907_053616/original/val/모낭사이홍반/모낭사이홍반_00163.jpg,0,0,0,0,True,True,True
hair_clean_v1_20260907_053616/original/val/모낭사이홍반/모낭사이홍반_00164.jpg,0,0,0,0,True,True,True
hair_clean_v1_20260907_053616/original/val/모낭사이홍반/모낭사이홍반_00165.jpg,0,0,0,0,True,True,True
hair_clean_v1_20260907_053616/original/val/모낭사이홍반/모낭사이홍반_00166.jpg,0,0,0,0,True,True,True
hair_clean_v1_20260907_053616/original/val/모낭사이홍반/모낭사이홍반_00167.jpg,0,0,0,0,True,True,True
hair_clean_v1_20260907_053616/original/val/모낭사이홍반/모낭사이홍반_00168.jpg,0,0,0,0,True,True,True
hair_clean_v1_20260907_053616/original/val/모낭사이홍반/모낭사이홍반_00169.jpg,0,0,0,0,True,True,True
hair_clean_v1_20260907_053616/original/val/모낭사이홍반/모낭사이홍반_00170.jpg,0,0,0,0,True,True,True
hair_clean_v1_20260907_053616/original/val/모낭사이홍반/모낭사이홍반_00171.jpg,0,1,1,1,False,False,False
hair_clean_v1_20260907_053616/original/val/모낭사이홍반/모낭사이홍반_00172.jpg,0,0,0,0,True,True,True
hair_clean_v1_20260907_053616/original/val/모낭사이홍반/모낭사이홍반_00173.jpg,0,0,0,0,True,True,True
hair_clean_v1_20260907_053616/original/val/모낭사이홍반/모낭사이홍반_00174.jpg,0,0,0,0,True,True,True
hair_clean_v1_20260907_053616/original/val/모낭사이홍반/모낭사이홍반_00175.jpg,0,0,0,0,True,True,True
hair_clean_v1_20260907_053616/original/val/모낭사이홍반/모낭사이홍반_00176.jpg,0,0,0,0,True,True,True
hair_clean_v1_20260907_053616/original/val/모낭사이홍반/모낭사이홍반_00177.jpg,0,0,0,0,True,True,True
hair_clean_v1_20260907_053616/original/val/모낭사이홍반/모낭사이홍반_00178.jpg,0,0,0,0,True,True,True
hair_clean_v1_20260907_053616/original/val/모낭사이홍반/모낭사이홍반_00179.jpg,0,0,0,0,True,True,True
hair_clean_v1_20260907_053616/original/val/모낭사이홍반/모낭사이홍반_00180.jpg,0,0,0,0,True,True,True
hair_clean_v1_20260907_053616/original/val/모낭사이홍반/모낭사이홍반_00181.jpg,0,0,0,0,True,True,True
hair_clean_v1_20260907_053616/original/val/모낭사이홍반/모낭사이홍반_00182.jpg,0,0,0,0,True,True,True
hair_clean_v1_20260907_053616/original/val/모낭사이홍반/모낭사이홍반_00183.jpg,0,0,0,0,True,True,True
hair_clean_v1_20260907_053616/original/val/모낭사이홍반/모낭사이홍반_00184.jpg,0,0,0,0,True,True,True
hair_clean_v1_20260907_053616/original/val/모낭사이홍반/모낭사이홍반_00185.jpg,0,0,0,0,True,True,True
hair_clean_v1_20260907_053616/original/val/모낭사이홍반/모낭사이홍반_00186.jpg,0,0,0,0,True,True,True
hair_clean_v1_20260907_053616/original/val/모낭사이홍반/모낭사이홍반_00187.jpg,0,4,4,4,False,False,False
hair_clean_v1_20260907_053616/original/val/모낭사이홍반/모낭사이홍반_00188.jpg,0,0,0,0,True,True,True
hair_clean_v1_20260907_053616/original/val/모낭사이홍반/모낭사이홍반_00189.jpg,0,0,0,0,True,True,True
hair_clean_v1_20260907_053616/original/val/모낭사이홍반/모낭사이홍반_00190.jpg,0,0,0,0,True,True,True
hair_clean_v1_20260907_053616/original/val/모낭사이홍반/모낭사이홍반_00191.jpg,0,0,0,0,True,True,True
hair_clean_v1_20260907_053616/original/val/모낭사이홍반/모낭사이홍반_00192.jpg,0,0,0,0,True,True,True
hair_clean_v1_20260907_053616/original/val/모낭사이홍반/모낭사이홍반_00193.jpg,0,0,0,0,True,True,True
hair_clean_v1_20260907_053616/original/val/모낭사이홍반/모낭사이홍반_00194.jpg,0,0,0,0,True,True,True
hair_clean_v1_20260907_053616/original/val/모낭사이홍반/모낭사이홍반_00195.jpg,0,0,0,0,True,True,True
hair_clean_v1_20260907_053616/original/val/모낭사이홍반/모낭사이홍반_00196.jpg,0,0,0,0,True,True,True
hair_clean_v1_20260907_053616/original/val/모낭사이홍반/모낭사이홍반_00197.jpg,0,0,0,0,True,True,True
hair_clean_v1_20260907_053616/original/val/모낭사이홍반/모낭사이홍반_00198.jpg,0,0,0,0,True,True,True
hair_clean_v1_20260907_053616/original/val/모낭사이홍반/모낭사이홍반_00199.jpg,0,0,0,0,True,True,True
hair_clean_v1_20260907_053616/original/val/모낭사이홍반/모낭사이홍반_00200.jpg,0,0,0,0,True,True,True
hair_clean_v1_20260907_053616/original/val/모낭사이홍반/모낭사이홍반_00201.jpg,0,0,0,0,True,True,True
hair_clean_v1_20260907_053616/original/val/모낭사이홍반/모낭사이홍반_00202.jpg,0,0,0,0,True,True,True
hair_clean_v1_20260907_053616/original/val/모낭사이홍반/모낭사이홍반_00203.jpg,0,0,0,0,True,True,True
hair_clean_v1_20260907_053616/original/val/모낭사이홍반/모낭사이홍반_00204.jpg,0,0,0,0,True,True,True
hair_clean_v1_20260907_053616/original/val/모낭사이홍반/모낭사이홍반_00205.jpg,0,0,0,0,True,True,True
hair_clean_v1_20260907_053616/original/val/모낭사이홍반/모낭사이홍반_00206.jpg,0,0,0,0,True,True,True
hair_clean_v1_20260907_053616/original/val/모낭사이홍반/모낭사이홍반_00207.jpg,0,0,0,0,True,True,True
hair_clean_v1_20260907_053616/original/val/모낭사이홍반/모낭사이홍반_00208.jpg,0,0,0,0,True,True,True
hair_clean_v1_20260907_053616/original/val/모낭사이홍반/모낭사이홍반_00209.jpg,0,0,0,0,True,True,True
hair_clean_v1_20260907_053616/original/val/모낭사이홍반/모낭사이홍반_00210.jpg,0,0,0,0,True,True,True
hair_clean_v1_20260907_053616/original/val/모낭사이홍반/모낭사이홍반_00211.jpg,0,0,0,0,True,True,True
hair_clean_v1_20260907_053616/original/val/모낭사이홍반/모낭사이홍반_00212.jpg,0,0,0,0,True,True,True
hair_clean_v1_20260907_053616/original/val/모낭사이홍반/모낭사이홍반_00213.jpg,0,0,0,0,True,True,True
hair_clean_v1_20260907_053616/original/val/모낭사이홍반/모낭사이홍반_00214.jpg,0,0,0,0,True,True,True
hair_clean_v1_20260907_053616/original/val/모낭사이홍반/모낭사이홍반_00215.jpg,0,0,0,0,True,True,True
hair_clean_v1_20260907_053616/original/val/모낭사이홍반/모낭사이홍반_00216.jpg,0,0,0,0,True,True,True
hair_clean_v1_20260907_053616/original/val/모낭사이홍반/모낭사이홍반_00217.jpg,0,0,0,0,True,True,True
hair_clean_v1_20260907_053616/original/val/모낭사이홍반/모낭사이홍반_00218.jpg,0,0,0,0,True,True,True
hair_clean_v1_20260907_053616/original/val/모낭사이홍반/모낭사이홍반_00219.jpg,0,0,0,0,True,True,True
hair_clean_v1_20260907_053616/original/val/모낭사이홍반/모낭사이홍반_00220.jpg,0,0,0,0,True,True,True
hair_clean_v1_20260907_053616/original/val/모낭사이홍반/모낭사이홍반_00221.jpg,0,0,0,0,True,True,True
hair_clean_v1_20260907_053616/original/val/모낭사이홍반/모낭사이홍반_00222.jpg,0,0,0,0,True,True,True
hair_clean_v1_20260907_053616/original/val/모낭사이홍반/모낭사이홍반_00223.jpg,0,0,0,0,True,True,True
hair_clean_v1_20260907_053616/original/val/모낭사이홍반/모낭사이홍반_00224.jpg,0,0,0,0,True,True,True
hair_clean_v1_20260907_053616/original/val/모낭사이홍반/모낭사이홍반_00225.jpg,0,0,0,0,True,True,True
hair_clean_v1_20260907_053616/original/val/모낭사이홍반/모낭사이홍반_00226.jpg,0,3,3,3,False,False,False
hair_clean_v1_20260907_053616/original/val/모낭사이홍반/모낭사이홍반_00227.jpg,0,0,0,0,True,True,True
hair_clean_v1_20260907_053616/original/val/모낭사이홍반/모낭사이홍반_00228.jpg,0,3,3,3,False,False,False
hair_clean_v1_20260907_053616/original/val/모낭사이홍반/모낭사이홍반_00229.jpg,0,3,0,0,False,True,True
hair_clean_v1_20260907_053616/original/val/모낭사이홍반/모낭사이홍반_00230.jpg,0,0,3,3,True,False,False
hair_clean_v1_20260907_053616/original/val/모낭사이홍반/모낭사이홍반_00231.jpg,0,0,0,0,True,True,True
hair_clean_v1_20260907_053616/original/val/모낭사이홍반/모낭사이홍반_00232.jpg,0,0,0,0,True,True,True
hair_clean_v1_20260907_053616/original/val/모낭사이홍반/모낭사이홍반_00233.jpg,0,2,2,2,False,False,False
hair_clean_v1_20260907_053616/original/val/모낭사이홍반/모낭사이홍반_00234.jpg,0,0,0,0,True,True,True
hair_clean_v1_20260907_053616/original/val/모낭사이홍반/모낭사이홍반_00235.jpg,0,0,0,0,True,True,True
hair_clean_v1_20260907_053616/original/val/모낭사이홍반/모낭사이홍반_00236.jpg,0,0,0,0,True,True,True
hair_clean_v1_20260907_053616/original/val/모낭사이홍반/모낭사이홍반_00237.jpg,0,0,0,0,True,True,True
hair_clean_v1_20260907_053616/original/val/모낭사이홍반/모낭사이홍반_00238.jpg,0,0,0,0,True,True,True
hair_clean_v1_20260907_053616/original/val/모낭사이홍반/모낭사이홍반_00239.jpg,0,0,0,0,True,True,True
hair_clean_v1_20260907_053616/original/val/모낭사이홍반/모낭사이홍반_00240.jpg,0,0,0,0,True,True,True
hair_clean_v1_20260907_053616/original/val/모낭사이홍반/모낭사이홍반_00241.jpg,0,0,0,0,True,True,True
hair_clean_v1_20260907_053616/original/val/모낭사이홍반/모낭사이홍반_00242.jpg,0,0,0,0,True,True,True
hair_clean_v1_20260907_053616/original/val/모낭사이홍반/모낭사이홍반_00243.jpg,0,0,0,0,True,True,True
hair_clean_v1_20260907_053616/original/val/모낭사이홍반/모낭사이홍반_00244.jpg,0,0,0,0,True,True,True
hair_clean_v1_20260907_053616/original/val/모낭사이홍반/모낭사이홍반_00245.jpg,0,0,0,0,True,True,True
hair_clean_v1_20260907_053616/original/val/모낭사이홍반/모낭사이홍반_00246.jpg,0,0,0,0,True,True,True
hair_clean_v1_20260907_053616/original/val/모낭사이홍반/모낭사이홍반_00247.jpg,0,0,0,0,True,True,True
hair_clean_v1_20260907_053616/original/val/모낭사이홍반/모낭사이홍반_00248.jpg,0,0,0,0,True,True,True
hair_clean_v1_20260907_053616/original/val/미세각질/미세각질_00001.jpg,1,1,1,1,True,True,True
hair_clean_v1_20260907_053616/original/val/미세각질/미세각질_00002.jpg,1,1,1,1,True,True,True
hair_clean_v1_20260907_053616/original/val/미세각질/미세각질_00003.jpg,1,1,1,1,True,True,True
hair_clean_v1_20260907_053616/original/val/미세각질/미세각질_00004.jpg,1,0,1,1,False,True,True
hair_clean_v1_20260907_053616/original/val/미세각질/미세각질_00005.jpg,1,1,1,1,True,True,True
hair_clean_v1_20260907_053616/original/val/미세각질/미세각질_00006.jpg,1,1,1,1,True,True,True
hair_clean_v1_20260907_053616/original/val/미세각질/미세각질_00007.jpg,1,1,1,1,True,True,True
hair_clean_v1_20260907_053616/original/val/미세각질/미세각질_00008.jpg,1,1,1,1,True,True,True
hair_clean_v1_20260907_053616/original/val/미세각질/미세각질_00009.jpg,1,0,0,0,False,False,False
hair_clean_v1_20260907_053616/original/val/미세각질/미세각질_00010.jpg,1,1,2,2,True,False,False
hair_clean_v1_20260907_053616/original/val/미세각질/미세각질_00011.jpg,1,1,1,1,True,True,True
hair_clean_v1_20260907_053616/original/val/미세각질/미세각질_00012.jpg,1,1,1,1,True,True,True
hair_clean_v1_20260907_053616/original/val/미세각질/미세각질_00013.jpg,1,1,2,1,True,False,True
hair_clean_v1_20260907_053616/original/val/미세각질/미세각질_00014.jpg,1,1,1,1,True,True,True
hair_clean_v1_20260907_053616/original/val/미세각질/미세각질_00015.jpg,1,2,2,2,False,False,False
hair_clean_v1_20260907_053616/original/val/미세각질/미세각질_00016.jpg,1,1,1,1,True,True,True
hair_clean_v1_20260907_053616/original/val/미세각질/미세각질_00017.jpg,1,1,2,2,True,False,False
hair_clean_v1_20260907_053616/original/val/미세각질/미세각질_00018.jpg,1,1,1,1,True,True,True
hair_clean_v1_20260907_053616/original/val/미세각질/미세각질_00019.jpg,1,1,0,1,True,False,True
hair_clean_v1_20260907_053616/original/val/미세각질/미세각질_00020.jpg,1,1,1,1,True,True,True
hair_clean_v1_20260907_053616/original/val/미세각질/미세각질_00021.jpg,1,2,1,1,False,True,True
hair_clean_v1_20260907_053616/original/val/미세각질/미세각질_00022.jpg,1,3,3,3,False,False,False
hair_clean_v1_20260907_053616/original/val/미세각질/미세각질_00023.jpg,1,1,1,1,True,True,True
hair_clean_v1_20260907_053616/original/val/미세각질/미세각질_00024.jpg,1,2,2,2,False,False,False
hair_clean_v1_20260907_053616/original/val/미세각질/미세각질_00025.jpg,1,1,1,1,True,True,True
hair_clean_v1_20260907_053616/original/val/미세각질/미세각질_00026.jpg,1,0,0,0,False,False,False
hair_clean_v1_20260907_053616/original/val/미세각질/미세각질_00027.jpg,1,1,1,1,True,True,True
hair_clean_v1_20260907_053616/original/val/미세각질/미세각질_00028.jpg,1,1,1,1,True,True,True
hair_clean_v1_20260907_053616/original/val/미세각질/미세각질_00029.jpg,1,4,1,4,False,True,False
hair_clean_v1_20260907_053616/original/val/미세각질/미세각질_00030.jpg,1,2,2,2,False,False,False
hair_clean_v1_20260907_053616/original/val/미세각질/미세각질_00031.jpg,1,1,1,1,True,True,True
hair_clean_v1_20260907_053616/original/val/미세각질/미세각질_00032.jpg,1,1,1,1,True,True,True
hair_clean_v1_20260907_053616/original/val/미세각질/미세각질_00033.jpg,1,1,1,1,True,True,True
hair_clean_v1_20260907_053616/original/val/미세각질/미세각질_00034.jpg,1,1,1,1,True,True,True
hair_clean_v1_20260907_053616/original/val/미세각질/미세각질_00035.jpg,1,4,4,4,False,False,False
hair_clean_v1_20260907_053616/original/val/미세각질/미세각질_00036.jpg,1,1,1,1,True,True,True
hair_clean_v1_20260907_053616/original/val/미세각질/미세각질_00037.jpg,1,0,1,0,False,True,False
hair_clean_v1_20260907_053616/original/val/미세각질/미세각질_00038.jpg,1,1,1,1,True,True,True
hair_clean_v1_20260907_053616/original/val/미세각질/미세각질_00039.jpg,1,1,1,1,True,True,True
hair_clean_v1_20260907_053616/original/val/미세각질/미세각질_00040.jpg,1,1,1,1,True,True,True
hair_clean_v1_20260907_053616/original/val/미세각질/미세각질_00041.jpg,1,1,1,1,True,True,True
hair_clean_v1_20260907_053616/original/val/미세각질/미세각질_00042.jpg,1,1,1,1,True,True,True
hair_clean_v1_20260907_053616/original/val/미세각질/미세각질_00043.jpg,1,1,1,1,True,True,True
hair_clean_v1_20260907_053616/original/val/미세각질/미세각질_00044.jpg,1,1,1,1,True,True,True
hair_clean_v1_20260907_053616/original/val/미세각질/미세각질_00045.jpg,1,1,1,1,True,True,True
hair_clean_v1_20260907_053616/original/val/미세각질/미세각질_00046.jpg,1,1,1,1,True,True,True
hair_clean_v1_20260907_053616/original/val/미세각질/미세각질_00047.jpg,1,1,1,1,True,True,True
hair_clean_v1_20260907_053616/original/val/미세각질/미세각질_00048.jpg,1,1,1,1,True,True,True
hair_clean_v1_20260907_053616/original/val/미세각질/미세각질_00049.jpg,1,1,1,1,True,True,True
hair_clean_v1_20260907_053616/original/val/미세각질/미세각질_00050.jpg,1,1,1,1,True,True,True
hair_clean_v1_20260907_053616/original/val/미세각질/미세각질_00051.jpg,1,1,1,1,True,True,True
hair_clean_v1_20260907_053616/original/val/미세각질/미세각질_00052.jpg,1,1,1,1,True,True,True
hair_clean_v1_20260907_053616/original/val/미세각질/미세각질_00053.jpg,1,2,1,2,False,True,False
hair_clean_v1_20260907_053616/original/val/미세각질/미세각질_00054.jpg,1,1,1,1,True,True,True
hair_clean_v1_20260907_053616/original/val/미세각질/미세각질_00055.jpg,1,2,2,2,False,False,False
hair_clean_v1_20260907_053616/original/val/미세각질/미세각질_00056.jpg,1,1,1,1,True,True,True
hair_clean_v1_20260907_053616/original/val/미세각질/미세각질_00057.jpg,1,1,1,1,True,True,True
hair_clean_v1_20260907_053616/original/val/미세각질/미세각질_00058.jpg,1,1,4,4,True,False,False
hair_clean_v1_20260907_053616/original/val/미세각질/미세각질_00059.jpg,1,2,1,1,False,True,True
hair_clean_v1_20260907_053616/original/val/미세각질/미세각질_00060.jpg,1,1,1,1,True,True,True
hair_clean_v1_20260907_053616/original/val/미세각질/미세각질_00061.jpg,1,2,2,2,False,False,False
hair_clean_v1_20260907_053616/original/val/미세각질/미세각질_00062.jpg,1,2,2,2,False,False,False
hair_clean_v1_20260907_053616/original/val/미세각질/미세각질_00063.jpg,1,2,2,2,False,False,False
hair_clean_v1_20260907_053616/original/val/미세각질/미세각질_00064.jpg,1,1,1,1,True,True,True
hair_clean_v1_20260907_053616/original/val/미세각질/미세각질_00065.jpg,1,0,0,0,False,False,False
hair_clean_v1_20260907_053616/original/val/미세각질/미세각질_00066.jpg,1,1,1,1,True,True,True
hair_clean_v1_20260907_053616/original/val/미세각질/미세각질_00067.jpg,1,1,1,1,True,True,True
hair_clean_v1_20260907_053616/original/val/미세각질/미세각질_00068.jpg,1,1,1,1,True,True,True
hair_clean_v1_20260907_053616/original/val/미세각질/미세각질_00069.jpg,1,1,1,1,True,True,True
hair_clean_v1_20260907_053616/original/val/미세각질/미세각질_00070.jpg,1,1,1,1,True,True,True
hair_clean_v1_20260907_053616/original/val/미세각질/미세각질_00071.jpg,1,1,1,1,True,True,True
hair_clean_v1_20260907_053616/original/val/미세각질/미세각질_00072.jpg,1,1,1,1,True,True,True
hair_clean_v1_20260907_053616/original/val/미세각질/미세각질_00073.jpg,1,1,1,1,True,True,True
hair_clean_v1_20260907_053616/original/val/미세각질/미세각질_00074.jpg,1,2,2,2,False,False,False
hair_clean_v1_20260907_053616/original/val/미세각질/미세각질_00075.jpg,1,1,1,1,True,True,True
hair_clean_v1_20260907_053616/original/val/미세각질/미세각질_00076.jpg,1,0,1,1,False,True,True
hair_clean_v1_20260907_053616/original/val/미세각질/미세각질_00077.jpg,1,2,1,1,False,True,True
hair_clean_v1_20260907_053616/original/val/미세각질/미세각질_00078.jpg,1,1,1,1,True,True,True
hair_clean_v1_20260907_053616/original/val/미세각질/미세각질_00079.jpg,1,1,1,1,True,True,True
hair_clean_v1_20260907_053616/original/val/미세각질/미세각질_00080.jpg,1,2,2,2,False,False,False
hair_clean_v1_20260907_053616/original/val/미세각질/미세각질_00081.jpg,1,1,1,1,True,True,True
hair_clean_v1_20260907_053616/original/val/미세각질/미세각질_00082.jpg,1,0,0,0,False,False,False
hair_clean_v1_20260907_053616/original/val/미세각질/미세각질_00083.jpg,1,1,1,1,True,True,True
hair_clean_v1_20260907_053616/original/val/미세각질/미세각질_00084.jpg,1,1,1,1,True,True,True
hair_clean_v1_20260907_053616/original/val/미세각질/미세각질_00085.jpg,1,1,1,1,True,True,True
hair_clean_v1_20260907_053616/original/val/미세각질/미세각질_00086.jpg,1,1,1,1,True,True,True
hair_clean_v1_20260907_053616/original/val/미세각질/미세각질_00087.jpg,1,1,1,1,True,True,True
hair_clean_v1_20260907_053616/original/val/미세각질/미세각질_00088.jpg,1,1,1,1,True,True,True
hair_clean_v1_20260907_053616/original/val/미세각질/미세각질_00089.jpg,1,1,1,1,True,True,True
hair_clean_v1_20260907_053616/original/val/미세각질/미세각질_00090.jpg,1,1,1,1,True,True,True
hair_clean_v1_20260907_053616/original/val/미세각질/미세각질_00091.jpg,1,1,1,1,True,True,True
hair_clean_v1_20260907_053616/original/val/미세각질/미세각질_00092.jpg,1,1,1,1,True,True,True
hair_clean_v1_20260907_053616/original/val/미세각질/미세각질_00093.jpg,1,1,1,1,True,True,True
hair_clean_v1_20260907_053616/original/val/미세각질/미세각질_00094.jpg,1,1,1,1,True,True,True
hair_clean_v1_20260907_053616/original/val/미세각질/미세각질_00095.jpg,1,1,1,1,True,True,True
hair_clean_v1_20260907_053616/original/val/미세각질/미세각질_00096.jpg,1,1,1,1,True,True,True
hair_clean_v1_20260907_053616/original/val/미세각질/미세각질_00097.jpg,1,2,1,1,False,True,True
hair_clean_v1_20260907_053616/original/val/미세각질/미세각질_00098.jpg,1,2,1,2,False,True,False
hair_clean_v1_20260907_053616/original/val/미세각질/미세각질_00099.jpg,1,3,3,3,False,False,False
hair_clean_v1_20260907_053616/original/val/미세각질/미세각질_00100.jpg,1,1,1,1,True,True,True
hair_clean_v1_20260907_053616/original/val/미세각질/미세각질_00101.jpg,1,1,1,1,True,True,True
hair_clean_v1_20260907_053616/original/val/미세각질/미세각질_00102.jpg,1,1,1,1,True,True,True
hair_clean_v1_20260907_053616/original/val/미세각질/미세각질_00103.jpg,1,3,1,1,False,True,True
hair_clean_v1_20260907_053616/original/val/미세각질/미세각질_00104.jpg,1,1,4,4,True,False,False
hair_clean_v1_20260907_053616/original/val/미세각질/미세각질_00105.jpg,1,0,0,0,False,False,False
hair_clean_v1_20260907_053616/original/val/미세각질/미세각질_00106.jpg,1,1,1,1,True,True,True
hair_clean_v1_20260907_053616/original/val/미세각질/미세각질_00107.jpg,1,2,1,1,False,True,True
hair_clean_v1_20260907_053616/original/val/미세각질/미세각질_00108.jpg,1,1,1,1,True,True,True
hair_clean_v1_20260907_053616/original/val/미세각질/미세각질_00109.jpg,1,2,2,2,False,False,False
hair_clean_v1_20260907_053616/original/val/미세각질/미세각질_00110.jpg,1,1,1,1,True,True,True
hair_clean_v1_20260907_053616/original/val/미세각질/미세각질_00111.jpg,1,1,1,1,True,True,True
hair_clean_v1_20260907_053616/original/val/미세각질/미세각질_00112.jpg,1,1,1,1,True,True,True
hair_clean_v1_20260907_053616/original/val/미세각질/미세각질_00113.jpg,1,1,1,1,True,True,True
hair_clean_v1_20260907_053616/original/val/미세각질/미세각질_00114.jpg,1,1,1,1,True,True,True
hair_clean_v1_20260907_053616/original/val/미세각질/미세각질_00115.jpg,1,4,1,4,False,True,False
hair_clean_v1_20260907_053616/original/val/미세각질/미세각질_00116.jpg,1,1,1,1,True,True,True
hair_clean_v1_20260907_053616/original/val/미세각질/미세각질_00117.jpg,1,1,1,1,True,True,True
hair_clean_v1_20260907_053616/original/val/미세각질/미세각질_00118.jpg,1,4,2,4,False,False,False
hair_clean_v1_20260907_053616/original/val/미세각질/미세각질_00119.jpg,1,1,1,1,True,True,True
hair_clean_v1_20260907_053616/original/val/미세각질/미세각질_00120.jpg,1,3,3,3,False,False,False
hair_clean_v1_20260907_053616/original/val/미세각질/미세각질_00121.jpg,1,1,1,1,True,True,True
hair_clean_v1_20260907_053616/original/val/미세각질/미세각질_00122.jpg,1,1,1,1,True,True,True
hair_clean_v1_20260907_053616/original/val/미세각질/미세각질_00123.jpg,1,1,1,1,True,True,True
hair_clean_v1_20260907_053616/original/val/미세각질/미세각질_00124.jpg,1,4,4,4,False,False,False
hair_clean_v1_20260907_053616/original/val/미세각질/미세각질_00125.jpg,1,3,3,3,False,False,False
hair_clean_v1_20260907_053616/original/val/미세각질/미세각질_00126.jpg,1,1,1,1,True,True,True
hair_clean_v1_20260907_053616/original/val/미세각질/미세각질_00127.jpg,1,2,2,2,False,False,False
hair_clean_v1_20260907_053616/original/val/미세각질/미세각질_00128.jpg,1,1,1,1,True,True,True
hair_clean_v1_20260907_053616/original/val/미세각질/미세각질_00129.jpg,1,1,1,1,True,True,True
hair_clean_v1_20260907_053616/original/val/미세각질/미세각질_00130.jpg,1,1,1,1,True,True,True
hair_clean_v1_20260907_053616/original/val/미세각질/미세각질_00131.jpg,1,2,1,1,False,True,True
hair_clean_v1_20260907_053616/original/val/미세각질/미세각질_00132.jpg,1,1,1,1,True,True,True
hair_clean_v1_20260907_053616/original/val/미세각질/미세각질_00133.jpg,1,1,1,1,True,True,True
hair_clean_v1_20260907_053616/original/val/미세각질/미세각질_00134.jpg,1,1,1,1,True,True,True
hair_clean_v1_20260907_053616/original/val/미세각질/미세각질_00135.jpg,1,3,3,3,False,False,False
hair_clean_v1_20260907_053616/original/val/미세각질/미세각질_00136.jpg,1,2,2,2,False,False,False
hair_clean_v1_20260907_053616/original/val/미세각질/미세각질_00137.jpg,1,2,2,2,False,False,False
hair_clean_v1_20260907_053616/original/val/미세각질/미세각질_00138.jpg,1,4,4,4,False,False,False
hair_clean_v1_20260907_053616/original/val/미세각질/미세각질_00139.jpg,1,1,1,1,True,True,True
hair_clean_v1_20260907_053616/original/val/미세각질/미세각질_00140.jpg,1,0,0,0,False,False,False
hair_clean_v1_20260907_053616/original/val/미세각질/미세각질_00141.jpg,1,1,1,1,True,True,True
hair_clean_v1_20260907_053616/original/val/미세각질/미세각질_00142.jpg,1,1,1,1,True,True,True
hair_clean_v1_20260907_053616/original/val/미세각질/미세각질_00143.jpg,1,1,1,1,True,True,True
hair_clean_v1_20260907_053616/original/val/미세각질/미세각질_00144.jpg,1,4,1,4,False,True,False
hair_clean_v1_20260907_053616/original/val/미세각질/미세각질_00145.jpg,1,1,1,1,True,True,True
hair_clean_v1_20260907_053616/original/val/미세각질/미세각질_00146.jpg,1,1,1,1,True,True,True
hair_clean_v1_20260907_053616/original/val/미세각질/미세각질_00147.jpg,1,1,1,1,True,True,True
hair_clean_v1_20260907_053616/original/val/미세각질/미세각질_00148.jpg,1,2,2,2,False,False,False
hair_clean_v1_20260907_053616/original/val/미세각질/미세각질_00149.jpg,1,1,1,1,True,True,True
hair_clean_v1_20260907_053616/original/val/미세각질/미세각질_00150.jpg,1,1,1,1,True,True,True
hair_clean_v1_20260907_053616/original/val/미세각질/미세각질_00151.jpg,1,2,2,2,False,False,False
hair_clean_v1_20260907_053616/original/val/미세각질/미세각질_00152.jpg,1,1,1,1,True,True,True
hair_clean_v1_20260907_053616/original/val/미세각질/미세각질_00153.jpg,1,1,1,1,True,True,True
hair_clean_v1_20260907_053616/original/val/미세각질/미세각질_00154.jpg,1,1,1,1,True,True,True
hair_clean_v1_20260907_053616/original/val/미세각질/미세각질_00155.jpg,1,3,3,3,False,False,False
hair_clean_v1_20260907_053616/original/val/미세각질/미세각질_00156.jpg,1,1,1,1,True,True,True
hair_clean_v1_20260907_053616/original/val/미세각질/미세각질_00157.jpg,1,1,1,1,True,True,True
hair_clean_v1_20260907_053616/original/val/미세각질/미세각질_00158.jpg,1,2,2,2,False,False,False
hair_clean_v1_20260907_053616/original/val/미세각질/미세각질_00159.jpg,1,1,1,1,True,True,True
hair_clean_v1_20260907_053616/original/val/미세각질/미세각질_00160.jpg,1,1,1,1,True,True,True
hair_clean_v1_20260907_053616/original/val/미세각질/미세각질_00161.jpg,1,1,1,1,True,True,True
hair_clean_v1_20260907_053616/original/val/미세각질/미세각질_00162.jpg,1,2,1,1,False,True,True
hair_clean_v1_20260907_053616/original/val/미세각질/미세각질_00163.jpg,1,1,1,1,True,True,True
hair_clean_v1_20260907_053616/original/val/미세각질/미세각질_00164.jpg,1,1,1,1,True,True,True
hair_clean_v1_20260907_053616/original/val/미세각질/미세각질_00165.jpg,1,0,0,0,False,False,False
hair_clean_v1_20260907_053616/original/val/미세각질/미세각질_00166.jpg,1,2,2,2,False,False,False
hair_clean_v1_20260907_053616/original/val/미세각질/미세각질_00167.jpg,1,2,2,2,False,False,False
hair_clean_v1_20260907_053616/original/val/미세각질/미세각질_00168.jpg,1,1,1,1,True,True,True
hair_clean_v1_20260907_053616/original/val/미세각질/미세각질_00169.jpg,1,1,1,1,True,True,True
hair_clean_v1_20260907_053616/original/val/미세각질/미세각질_00170.jpg,1,2,2,2,False,False,False
hair_clean_v1_20260907_053616/original/val/미세각질/미세각질_00171.jpg,1,4,4,4,False,False,False
hair_clean_v1_20260907_053616/original/val/미세각질/미세각질_00172.jpg,1,1,1,1,True,True,True
hair_clean_v1_20260907_053616/original/val/미세각질/미세각질_00173.jpg,1,0,0,0,False,False,False
hair_clean_v1_20260907_053616/original/val/미세각질/미세각질_00174.jpg,1,3,3,3,False,False,False
hair_clean_v1_20260907_053616/original/val/미세각질/미세각질_00175.jpg,1,2,2,2,False,False,False
hair_clean_v1_20260907_053616/original/val/미세각질/미세각질_00176.jpg,1,1,2,2,True,False,False
hair_clean_v1_20260907_053616/original/val/미세각질/미세각질_00177.jpg,1,2,1,1,False,True,True
hair_clean_v1_20260907_053616/original/val/미세각질/미세각질_00178.jpg,1,1,1,1,True,True,True
hair_clean_v1_20260907_053616/original/val/미세각질/미세각질_00179.jpg,1,1,1,1,True,True,True
hair_clean_v1_20260907_053616/original/val/미세각질/미세각질_00180.jpg,1,1,1,1,True,True,True
hair_clean_v1_20260907_053616/original/val/미세각질/미세각질_00181.jpg,1,1,1,1,True,True,True
hair_clean_v1_20260907_053616/original/val/미세각질/미세각질_00182.jpg,1,3,1,3,False,True,False
hair_clean_v1_20260907_053616/original/val/미세각질/미세각질_00183.jpg,1,4,4,4,False,False,False
hair_clean_v1_20260907_053616/original/val/미세각질/미세각질_00184.jpg,1,1,1,1,True,True,True
hair_clean_v1_20260907_053616/original/val/미세각질/미세각질_00185.jpg,1,1,1,1,True,True,True
hair_clean_v1_20260907_053616/original/val/미세각질/미세각질_00186.jpg,1,1,1,1,True,True,True
hair_clean_v1_20260907_053616/original/val/미세각질/미세각질_00187.jpg,1,1,1,1,True,True,True
hair_clean_v1_20260907_053616/original/val/미세각질/미세각질_00188.jpg,1,1,1,1,True,True,True
hair_clean_v1_20260907_053616/original/val/미세각질/미세각질_00189.jpg,1,1,1,1,True,True,True
hair_clean_v1_20260907_053616/original/val/미세각질/미세각질_00190.jpg,1,1,1,1,True,True,True
hair_clean_v1_20260907_053616/original/val/미세각질/미세각질_00191.jpg,1,1,1,1,True,True,True
hair_clean_v1_20260907_053616/original/val/미세각질/미세각질_00192.jpg,1,2,2,2,False,False,False
hair_clean_v1_20260907_053616/original/val/미세각질/미세각질_00193.jpg,1,1,1,1,True,True,True
hair_clean_v1_20260907_053616/original/val/미세각질/미세각질_00194.jpg,1,1,2,1,True,False,True
hair_clean_v1_20260907_053616/original/val/미세각질/미세각질_00195.jpg,1,1,1,1,True,True,True
hair_clean_v1_20260907_053616/original/val/미세각질/미세각질_00196.jpg,1,1,2,2,True,False,False
hair_clean_v1_20260907_053616/original/val/미세각질/미세각질_00197.jpg,1,3,3,3,False,False,False
hair_clean_v1_20260907_053616/original/val/미세각질/미세각질_00198.jpg,1,1,3,3,True,False,False
hair_clean_v1_20260907_053616/original/val/미세각질/미세각질_00199.jpg,1,1,1,1,True,True,True
hair_clean_v1_20260907_053616/original/val/미세각질/미세각질_00200.jpg,1,1,1,1,True,True,True
hair_clean_v1_20260907_053616/original/val/미세각질/미세각질_00201.jpg,1,1,1,1,True,True,True
hair_clean_v1_20260907_053616/original/val/미세각질/미세각질_00202.jpg,1,1,1,1,True,True,True
hair_clean_v1_20260907_053616/original/val/미세각질/미세각질_00203.jpg,1,2,2,2,False,False,False
hair_clean_v1_20260907_053616/original/val/미세각질/미세각질_00204.jpg,1,1,1,1,True,True,True
hair_clean_v1_20260907_053616/original/val/미세각질/미세각질_00205.jpg,1,2,2,2,False,False,False
hair_clean_v1_20260907_053616/original/val/미세각질/미세각질_00206.jpg,1,1,1,1,True,True,True
hair_clean_v1_20260907_053616/original/val/미세각질/미세각질_00207.jpg,1,0,3,3,False,False,False
hair_clean_v1_20260907_053616/original/val/미세각질/미세각질_00208.jpg,1,1,1,1,True,True,True
hair_clean_v1_20260907_053616/original/val/미세각질/미세각질_00209.jpg,1,1,1,1,True,True,True
hair_clean_v1_20260907_053616/original/val/미세각질/미세각질_00210.jpg,1,1,1,1,True,True,True
hair_clean_v1_20260907_053616/original/val/미세각질/미세각질_00211.jpg,1,4,4,4,False,False,False
hair_clean_v1_20260907_053616/original/val/미세각질/미세각질_00212.jpg,1,1,1,1,True,True,True
hair_clean_v1_20260907_053616/original/val/미세각질/미세각질_00213.jpg,1,1,1,1,True,True,True
hair_clean_v1_20260907_053616/original/val/미세각질/미세각질_00214.jpg,1,1,1,1,True,True,True
hair_clean_v1_20260907_053616/original/val/미세각질/미세각질_00215.jpg,1,1,1,1,True,True,True
hair_clean_v1_20260907_053616/original/val/미세각질/미세각질_00216.jpg,1,0,0,0,False,False,False
hair_clean_v1_20260907_053616/original/val/미세각질/미세각질_00217.jpg,1,2,1,1,False,True,True
hair_clean_v1_20260907_053616/original/val/미세각질/미세각질_00218.jpg,1,2,2,2,False,False,False
hair_clean_v1_20260907_053616/original/val/미세각질/미세각질_00219.jpg,1,1,1,1,True,True,True
hair_clean_v1_20260907_053616/original/val/미세각질/미세각질_00220.jpg,1,1,1,1,True,True,True
hair_clean_v1_20260907_053616/original/val/미세각질/미세각질_00221.jpg,1,2,2,2,False,False,False
hair_clean_v1_20260907_053616/original/val/미세각질/미세각질_00222.jpg,1,1,1,1,True,True,True
hair_clean_v1_20260907_053616/original/val/미세각질/미세각질_00223.jpg,1,1,1,1,True,True,True
hair_clean_v1_20260907_053616/original/val/미세각질/미세각질_00224.jpg,1,1,1,1,True,True,True
hair_clean_v1_20260907_053616/original/val/미세각질/미세각질_00225.jpg,1,2,2,2,False,False,False
hair_clean_v1_20260907_053616/original/val/미세각질/미세각질_00226.jpg,1,3,3,3,False,False,False
hair_clean_v1_20260907_053616/original/val/미세각질/미세각질_00227.jpg,1,2,2,2,False,False,False
hair_clean_v1_20260907_053616/original/val/미세각질/미세각질_00228.jpg,1,1,1,1,True,True,True
hair_clean_v1_20260907_053616/original/val/미세각질/미세각질_00229.jpg,1,1,1,1,True,True,True
hair_clean_v1_20260907_053616/original/val/미세각질/미세각질_00230.jpg,1,1,1,1,True,True,True
hair_clean_v1_20260907_053616/original/val/미세각질/미세각질_00231.jpg,1,3,1,1,False,True,True
hair_clean_v1_20260907_053616/original/val/미세각질/미세각질_00232.jpg,1,1,1,1,True,True,True
hair_clean_v1_20260907_053616/original/val/미세각질/미세각질_00233.jpg,1,1,1,1,True,True,True
hair_clean_v1_20260907_053616/original/val/미세각질/미세각질_00234.jpg,1,3,3,3,False,False,False
hair_clean_v1_20260907_053616/original/val/미세각질/미세각질_00235.jpg,1,4,2,4,False,False,False
hair_clean_v1_20260907_053616/original/val/미세각질/미세각질_00236.jpg,1,1,1,1,True,True,True
hair_clean_v1_20260907_053616/original/val/미세각질/미세각질_00237.jpg,1,1,1,1,True,True,True
hair_clean_v1_20260907_053616/original/val/미세각질/미세각질_00238.jpg,1,1,1,1,True,True,True
hair_clean_v1_20260907_053616/original/val/미세각질/미세각질_00239.jpg,1,1,1,1,True,True,True
hair_clean_v1_20260907_053616/original/val/미세각질/미세각질_00240.jpg,1,1,1,1,True,True,True
hair_clean_v1_20260907_053616/original/val/미세각질/미세각질_00241.jpg,1,1,1,1,True,True,True
hair_clean_v1_20260907_053616/original/val/미세각질/미세각질_00242.jpg,1,1,3,1,True,False,True
hair_clean_v1_20260907_053616/original/val/미세각질/미세각질_00243.jpg,1,1,1,1,True,True,True
hair_clean_v1_20260907_053616/original/val/미세각질/미세각질_00244.jpg,1,1,4,1,True,False,True
hair_clean_v1_20260907_053616/original/val/미세각질/미세각질_00245.jpg,1,1,1,1,True,True,True
hair_clean_v1_20260907_053616/original/val/미세각질/미세각질_00246.jpg,1,1,1,1,True,True,True
hair_clean_v1_20260907_053616/original/val/미세각질/미세각질_00247.jpg,1,1,1,1,True,True,True
hair_clean_v1_20260907_053616/original/val/미세각질/미세각질_00248.jpg,1,1,1,1,True,True,True
hair_clean_v1_20260907_053616/original/val/미세각질/미세각질_00249.jpg,1,1,0,1,True,False,True
hair_clean_v1_20260907_053616/original/val/미세각질/미세각질_00250.jpg,1,0,0,0,False,False,False
hair_clean_v1_20260907_053616/original/val/미세각질/미세각질_00251.jpg,1,1,1,1,True,True,True
hair_clean_v1_20260907_053616/original/val/미세각질/미세각질_00252.jpg,1,1,2,1,True,False,True
hair_clean_v1_20260907_053616/original/val/미세각질/미세각질_00253.jpg,1,1,1,1,True,True,True
hair_clean_v1_20260907_053616/original/val/미세각질/미세각질_00254.jpg,1,1,1,1,True,True,True
hair_clean_v1_20260907_053616/original/val/미세각질/미세각질_00255.jpg,1,1,1,1,True,True,True
hair_clean_v1_20260907_053616/original/val/미세각질/미세각질_00256.jpg,1,4,4,4,False,False,False
hair_clean_v1_20260907_053616/original/val/비듬/비듬_00001.jpg,2,2,2,2,True,True,True
hair_clean_v1_20260907_053616/original/val/비듬/비듬_00002.jpg,2,2,2,2,True,True,True
hair_clean_v1_20260907_053616/original/val/비듬/비듬_00003.jpg,2,2,1,1,True,False,False
hair_clean_v1_20260907_053616/original/val/비듬/비듬_00004.jpg,2,2,2,2,True,True,True
hair_clean_v1_20260907_053616/original/val/비듬/비듬_00005.jpg,2,2,2,2,True,True,True
hair_clean_v1_20260907_053616/original/val/비듬/비듬_00006.jpg,2,2,2,2,True,True,True
hair_clean_v1_20260907_053616/original/val/비듬/비듬_00007.jpg,2,2,2,2,True,True,True
hair_clean_v1_20260907_053616/original/val/비듬/비듬_00008.jpg,2,2,2,2,True,True,True
hair_clean_v1_20260907_053616/original/val/비듬/비듬_00009.jpg,2,1,1,1,False,False,False
hair_clean_v1_20260907_053616/original/val/비듬/비듬_00010.jpg,2,4,2,2,False,True,True
hair_clean_v1_20260907_053616/original/val/비듬/비듬_00011.jpg,2,4,4,4,False,False,False
hair_clean_v1_20260907_053616/original/val/비듬/비듬_00012.jpg,2,1,2,2,False,True,True
hair_clean_v1_20260907_053616/original/val/비듬/비듬_00013.jpg,2,1,2,1,False,True,False
hair_clean_v1_20260907_053616/original/val/비듬/비듬_00014.jpg,2,2,2,2,True,True,True
hair_clean_v1_20260907_053616/original/val/비듬/비듬_00015.jpg,2,2,2,2,True,True,True
hair_clean_v1_20260907_053616/original/val/비듬/비듬_00016.jpg,2,2,2,2,True,True,True
hair_clean_v1_20260907_053616/original/val/비듬/비듬_00017.jpg,2,4,4,4,False,False,False
hair_clean_v1_20260907_053616/original/val/비듬/비듬_00018.jpg,2,2,2,2,True,True,True
hair_clean_v1_20260907_053616/original/val/비듬/비듬_00019.jpg,2,2,2,2,True,True,True
hair_clean_v1_20260907_053616/original/val/비듬/비듬_00020.jpg,2,2,2,2,True,True,True
hair_clean_v1_20260907_053616/original/val/비듬/비듬_00021.jpg,2,0,2,2,False,True,True
hair_clean_v1_20260907_053616/original/val/비듬/비듬_00022.jpg,2,2,4,4,True,False,False
hair_clean_v1_20260907_053616/original/val/비듬/비듬_00023.jpg,2,2,2,2,True,True,True
hair_clean_v1_20260907_053616/original/val/비듬/비듬_00024.jpg,2,1,2,2,False,True,True
hair_clean_v1_20260907_053616/original/val/비듬/비듬_00025.jpg,2,2,2,2,True,True,True
hair_clean_v1_20260907_053616/original/val/비듬/비듬_00026.jpg,2,2,2,2,True,True,True
hair_clean_v1_20260907_053616/original/val/비듬/비듬_00027.jpg,2,4,2,4,False,True,False
hair_clean_v1_20260907_053616/original/val/비듬/비듬_00028.jpg,2,2,2,2,True,True,True
hair_clean_v1_20260907_053616/original/val/비듬/비듬_00029.jpg,2,2,2,2,True,True,True
hair_clean_v1_20260907_053616/original/val/비듬/비듬_00030.jpg,2,2,2,2,True,True,True
hair_clean_v1_20260907_053616/original/val/비듬/비듬_00031.jpg,2,2,2,2,True,True,True
hair_clean_v1_20260907_053616/original/val/비듬/비듬_00032.jpg,2,2,2,2,True,True,True
hair_clean_v1_20260907_053616/original/val/비듬/비듬_00033.jpg,2,1,1,1,False,False,False
hair_clean_v1_20260907_053616/original/val/비듬/비듬_00034.jpg,2,2,2,2,True,True,True
hair_clean_v1_20260907_053616/original/val/비듬/비듬_00035.jpg,2,1,1,1,False,False,False
hair_clean_v1_20260907_053616/original/val/비듬/비듬_00036.jpg,2,1,1,1,False,False,False
hair_clean_v1_20260907_053616/original/val/비듬/비듬_00037.jpg,2,2,4,4,True,False,False
hair_clean_v1_20260907_053616/original/val/비듬/비듬_00038.jpg,2,2,2,2,True,True,True
hair_clean_v1_20260907_053616/original/val/비듬/비듬_00039.jpg,2,2,2,2,True,True,True
hair_clean_v1_20260907_053616/original/val/비듬/비듬_00040.jpg,2,2,2,2,True,True,True
hair_clean_v1_20260907_053616/original/val/비듬/비듬_00041.jpg,2,2,2,2,True,True,True
hair_clean_v1_20260907_053616/original/val/비듬/비듬_00042.jpg,2,2,2,2,True,True,True
hair_clean_v1_20260907_053616/original/val/비듬/비듬_00043.jpg,2,4,4,4,False,False,False
hair_clean_v1_20260907_053616/original/val/비듬/비듬_00044.jpg,2,1,1,1,False,False,False
hair_clean_v1_20260907_053616/original/val/비듬/비듬_00045.jpg,2,2,2,2,True,True,True
hair_clean_v1_20260907_053616/original/val/비듬/비듬_00046.jpg,2,1,2,1,False,True,False
hair_clean_v1_20260907_053616/original/val/비듬/비듬_00047.jpg,2,2,2,2,True,True,True
hair_clean_v1_20260907_053616/original/val/비듬/비듬_00048.jpg,2,2,2,2,True,True,True
hair_clean_v1_20260907_053616/original/val/비듬/비듬_00049.jpg,2,2,2,2,True,True,True
hair_clean_v1_20260907_053616/original/val/비듬/비듬_00050.jpg,2,2,2,2,True,True,True
hair_clean_v1_20260907_053616/original/val/비듬/비듬_00051.jpg,2,1,1,1,False,False,False
hair_clean_v1_20260907_053616/original/val/비듬/비듬_00052.jpg,2,2,2,2,True,True,True
hair_clean_v1_20260907_053616/original/val/비듬/비듬_00053.jpg,2,2,2,2,True,True,True
hair_clean_v1_20260907_053616/original/val/비듬/비듬_00054.jpg,2,2,2,2,True,True,True
hair_clean_v1_20260907_053616/original/val/비듬/비듬_00055.jpg,2,2,2,2,True,True,True
hair_clean_v1_20260907_053616/original/val/비듬/비듬_00056.jpg,2,2,2,2,True,True,True
hair_clean_v1_20260907_053616/original/val/비듬/비듬_00057.jpg,2,2,2,2,True,True,True
hair_clean_v1_20260907_053616/original/val/비듬/비듬_00058.jpg,2,2,2,2,True,True,True
hair_clean_v1_20260907_053616/original/val/비듬/비듬_00059.jpg,2,2,2,2,True,True,True
hair_clean_v1_20260907_053616/original/val/비듬/비듬_00060.jpg,2,2,2,2,True,True,True
hair_clean_v1_20260907_053616/original/val/비듬/비듬_00061.jpg,2,2,2,2,True,True,True
hair_clean_v1_20260907_053616/original/val/비듬/비듬_00062.jpg,2,2,2,2,True,True,True
hair_clean_v1_20260907_053616/original/val/비듬/비듬_00063.jpg,2,2,2,2,True,True,True
hair_clean_v1_20260907_053616/original/val/비듬/비듬_00064.jpg,2,2,2,2,True,True,True
hair_clean_v1_20260907_053616/original/val/비듬/비듬_00065.jpg,2,4,2,2,False,True,True
hair_clean_v1_20260907_053616/original/val/비듬/비듬_00066.jpg,2,1,1,1,False,False,False
hair_clean_v1_20260907_053616/original/val/비듬/비듬_00067.jpg,2,2,2,2,True,True,True
hair_clean_v1_20260907_053616/original/val/비듬/비듬_00068.jpg,2,2,2,2,True,True,True
hair_clean_v1_20260907_053616/original/val/비듬/비듬_00069.jpg,2,2,2,2,True,True,True
hair_clean_v1_20260907_053616/original/val/비듬/비듬_00070.jpg,2,2,2,2,True,True,True
hair_clean_v1_20260907_053616/original/val/비듬/비듬_00071.jpg,2,2,2,2,True,True,True
hair_clean_v1_20260907_053616/original/val/비듬/비듬_00072.jpg,2,2,2,2,True,True,True
hair_clean_v1_20260907_053616/original/val/비듬/비듬_00073.jpg,2,2,2,2,True,True,True
hair_clean_v1_20260907_053616/original/val/비듬/비듬_00074.jpg,2,2,2,2,True,True,True
hair_clean_v1_20260907_053616/original/val/비듬/비듬_00075.jpg,2,2,2,2,True,True,True
hair_clean_v1_20260907_053616/original/val/비듬/비듬_00076.jpg,2,2,2,2,True,True,True
hair_clean_v1_20260907_053616/original/val/비듬/비듬_00077.jpg,2,2,2,2,True,True,True
hair_clean_v1_20260907_053616/original/val/비듬/비듬_00078.jpg,2,2,2,2,True,True,True
hair_clean_v1_20260907_053616/original/val/비듬/비듬_00079.jpg,2,2,2,2,True,True,True
hair_clean_v1_20260907_053616/original/val/비듬/비듬_00080.jpg,2,2,2,2,True,True,True
hair_clean_v1_20260907_053616/original/val/비듬/비듬_00081.jpg,2,2,2,2,True,True,True
hair_clean_v1_20260907_053616/original/val/비듬/비듬_00082.jpg,2,1,1,1,False,False,False
hair_clean_v1_20260907_053616/original/val/비듬/비듬_00083.jpg,2,2,2,2,True,True,True
hair_clean_v1_20260907_053616/original/val/비듬/비듬_00084.jpg,2,2,2,2,True,True,True
hair_clean_v1_20260907_053616/original/val/비듬/비듬_00085.jpg,2,4,2,2,False,True,True
hair_clean_v1_20260907_053616/original/val/비듬/비듬_00086.jpg,2,2,2,2,True,True,True
hair_clean_v1_20260907_053616/original/val/비듬/비듬_00087.jpg,2,2,2,2,True,True,True
hair_clean_v1_20260907_053616/original/val/비듬/비듬_00088.jpg,2,2,2,2,True,True,True
hair_clean_v1_20260907_053616/original/val/비듬/비듬_00089.jpg,2,1,1,1,False,False,False
hair_clean_v1_20260907_053616/original/val/비듬/비듬_00090.jpg,2,2,2,2,True,True,True
hair_clean_v1_20260907_053616/original/val/비듬/비듬_00091.jpg,2,2,2,2,True,True,True
hair_clean_v1_20260907_053616/original/val/비듬/비듬_00092.jpg,2,2,2,2,True,True,True
hair_clean_v1_20260907_053616/original/val/비듬/비듬_00093.jpg,2,2,2,2,True,True,True
hair_clean_v1_20260907_053616/original/val/비듬/비듬_00094.jpg,2,1,1,1,False,False,False
hair_clean_v1_20260907_053616/original/val/비듬/비듬_00095.jpg,2,2,2,2,True,True,True
hair_clean_v1_20260907_053616/original/val/비듬/비듬_00096.jpg,2,2,2,2,True,True,True
hair_clean_v1_20260907_053616/original/val/비듬/비듬_00097.jpg,2,2,2,2,True,True,True
hair_clean_v1_20260907_053616/original/val/비듬/비듬_00098.jpg,2,2,2,2,True,True,True
hair_clean_v1_20260907_053616/original/val/비듬/비듬_00099.jpg,2,2,2,2,True,True,True
hair_clean_v1_20260907_053616/original/val/비듬/비듬_00100.jpg,2,1,2,1,False,True,False
hair_clean_v1_20260907_053616/original/val/비듬/비듬_00101.jpg,2,2,2,2,True,True,True
hair_clean_v1_20260907_053616/original/val/비듬/비듬_00102.jpg,2,2,2,2,True,True,True
hair_clean_v1_20260907_053616/original/val/비듬/비듬_00103.jpg,2,2,2,2,True,True,True
hair_clean_v1_20260907_053616/original/val/비듬/비듬_00104.jpg,2,2,2,2,True,True,True
hair_clean_v1_20260907_053616/original/val/비듬/비듬_00105.jpg,2,2,2,2,True,True,True
hair_clean_v1_20260907_053616/original/val/비듬/비듬_00106.jpg,2,2,2,2,True,True,True
hair_clean_v1_20260907_053616/original/val/비듬/비듬_00107.jpg,2,2,2,2,True,True,True
hair_clean_v1_20260907_053616/original/val/비듬/비듬_00108.jpg,2,4,4,4,False,False,False
hair_clean_v1_20260907_053616/original/val/비듬/비듬_00109.jpg,2,2,2,2,True,True,True
hair_clean_v1_20260907_053616/original/val/비듬/비듬_00110.jpg,2,2,2,2,True,True,True
hair_clean_v1_20260907_053616/original/val/비듬/비듬_00111.jpg,2,4,4,4,False,False,False
hair_clean_v1_20260907_053616/original/val/비듬/비듬_00112.jpg,2,2,2,2,True,True,True
hair_clean_v1_20260907_053616/original/val/비듬/비듬_00113.jpg,2,1,1,1,False,False,False
hair_clean_v1_20260907_053616/original/val/비듬/비듬_00114.jpg,2,1,1,1,False,False,False
hair_clean_v1_20260907_053616/original/val/비듬/비듬_00115.jpg,2,2,2,2,True,True,True
hair_clean_v1_20260907_053616/original/val/비듬/비듬_00116.jpg,2,2,2,2,True,True,True
hair_clean_v1_20260907_053616/original/val/비듬/비듬_00117.jpg,2,2,2,2,True,True,True
hair_clean_v1_20260907_053616/original/val/비듬/비듬_00118.jpg,2,2,2,2,True,True,True
hair_clean_v1_20260907_053616/original/val/비듬/비듬_00119.jpg,2,2,2,2,True,True,True
hair_clean_v1_20260907_053616/original/val/비듬/비듬_00120.jpg,2,1,1,1,False,False,False
hair_clean_v1_20260907_053616/original/val/비듬/비듬_00121.jpg,2,2,2,2,True,True,True
hair_clean_v1_20260907_053616/original/val/비듬/비듬_00122.jpg,2,2,2,2,True,True,True
hair_clean_v1_20260907_053616/original/val/비듬/비듬_00123.jpg,2,2,4,4,True,False,False
hair_clean_v1_20260907_053616/original/val/비듬/비듬_00124.jpg,2,2,2,2,True,True,True
hair_clean_v1_20260907_053616/original/val/비듬/비듬_00125.jpg,2,2,1,1,True,False,False
hair_clean_v1_20260907_053616/original/val/비듬/비듬_00126.jpg,2,1,2,1,False,True,False
hair_clean_v1_20260907_053616/original/val/비듬/비듬_00127.jpg,2,1,1,1,False,False,False
hair_clean_v1_20260907_053616/original/val/비듬/비듬_00128.jpg,2,2,2,2,True,True,True
hair_clean_v1_20260907_053616/original/val/비듬/비듬_00129.jpg,2,1,1,1,False,False,False
hair_clean_v1_20260907_053616/original/val/비듬/비듬_00130.jpg,2,2,2,2,True,True,True
hair_clean_v1_20260907_053616/original/val/비듬/비듬_00131.jpg,2,2,2,2,True,True,True
hair_clean_v1_20260907_053616/original/val/비듬/비듬_00132.jpg,2,1,1,1,False,False,False
hair_clean_v1_20260907_053616/original/val/비듬/비듬_00133.jpg,2,2,2,2,True,True,True
hair_clean_v1_20260907_053616/original/val/비듬/비듬_00134.jpg,2,2,2,2,True,True,True
hair_clean_v1_20260907_053616/original/val/비듬/비듬_00135.jpg,2,2,4,2,True,False,True
hair_clean_v1_20260907_053616/original/val/비듬/비듬_00136.jpg,2,2,2,2,True,True,True
hair_clean_v1_20260907_053616/original/val/비듬/비듬_00137.jpg,2,2,2,2,True,True,True
hair_clean_v1_20260907_053616/original/val/비듬/비듬_00138.jpg,2,2,2,2,True,True,True
hair_clean_v1_20260907_053616/original/val/비듬/비듬_00139.jpg,2,2,2,2,True,True,True
hair_clean_v1_20260907_053616/original/val/비듬/비듬_00140.jpg,2,2,2,2,True,True,True
hair_clean_v1_20260907_053616/original/val/비듬/비듬_00141.jpg,2,2,2,2,True,True,True
hair_clean_v1_20260907_053616/original/val/비듬/비듬_00142.jpg,2,2,1,2,True,False,True
hair_clean_v1_20260907_053616/original/val/비듬/비듬_00143.jpg,2,4,4,4,False,False,False
hair_clean_v1_20260907_053616/original/val/비듬/비듬_00144.jpg,2,2,2,2,True,True,True
hair_clean_v1_20260907_053616/original/val/비듬/비듬_00145.jpg,2,2,2,2,True,True,True
hair_clean_v1_20260907_053616/original/val/비듬/비듬_00146.jpg,2,2,2,2,True,True,True
hair_clean_v1_20260907_053616/original/val/비듬/비듬_00147.jpg,2,2,2,2,True,True,True
hair_clean_v1_20260907_053616/original/val/비듬/비듬_00148.jpg,2,1,1,1,False,False,False
hair_clean_v1_20260907_053616/original/val/비듬/비듬_00149.jpg,2,2,1,2,True,False,True
hair_clean_v1_20260907_053616/original/val/비듬/비듬_00150.jpg,2,2,2,2,True,True,True
hair_clean_v1_20260907_053616/original/val/비듬/비듬_00151.jpg,2,2,2,2,True,True,True
hair_clean_v1_20260907_053616/original/val/비듬/비듬_00152.jpg,2,0,0,0,False,False,False
hair_clean_v1_20260907_053616/original/val/비듬/비듬_00153.jpg,2,1,1,1,False,False,False
hair_clean_v1_20260907_053616/original/val/비듬/비듬_00154.jpg,2,1,1,1,False,False,False
hair_clean_v1_20260907_053616/original/val/비듬/비듬_00155.jpg,2,2,2,2,True,True,True
hair_clean_v1_20260907_053616/original/val/비듬/비듬_00156.jpg,2,2,2,2,True,True,True
hair_clean_v1_20260907_053616/original/val/비듬/비듬_00157.jpg,2,2,2,2,True,True,True
hair_clean_v1_20260907_053616/original/val/비듬/비듬_00158.jpg,2,2,2,2,True,True,True
hair_clean_v1_20260907_053616/original/val/비듬/비듬_00159.jpg,2,2,2,2,True,True,True
hair_clean_v1_20260907_053616/original/val/비듬/비듬_00160.jpg,2,2,2,2,True,True,True
hair_clean_v1_20260907_053616/original/val/비듬/비듬_00161.jpg,2,2,2,2,True,True,True
hair_clean_v1_20260907_053616/original/val/비듬/비듬_00162.jpg,2,2,2,2,True,True,True
hair_clean_v1_20260907_053616/original/val/비듬/비듬_00163.jpg,2,2,2,2,True,True,True
hair_clean_v1_20260907_053616/original/val/비듬/비듬_00164.jpg,2,2,2,2,True,True,True
hair_clean_v1_20260907_053616/original/val/비듬/비듬_00165.jpg,2,2,2,2,True,True,True
hair_clean_v1_20260907_053616/original/val/비듬/비듬_00166.jpg,2,4,2,4,False,True,False
hair_clean_v1_20260907_053616/original/val/비듬/비듬_00167.jpg,2,2,2,2,True,True,True
hair_clean_v1_20260907_053616/original/val/비듬/비듬_00168.jpg,2,4,4,4,False,False,False
hair_clean_v1_20260907_053616/original/val/비듬/비듬_00169.jpg,2,1,1,1,False,False,False
hair_clean_v1_20260907_053616/original/val/비듬/비듬_00170.jpg,2,0,0,0,False,False,False
hair_clean_v1_20260907_053616/original/val/비듬/비듬_00171.jpg,2,2,2,2,True,True,True
hair_clean_v1_20260907_053616/original/val/비듬/비듬_00172.jpg,2,2,2,2,True,True,True
hair_clean_v1_20260907_053616/original/val/비듬/비듬_00173.jpg,2,0,0,0,False,False,False
hair_clean_v1_20260907_053616/original/val/비듬/비듬_00174.jpg,2,2,2,2,True,True,True
hair_clean_v1_20260907_053616/original/val/비듬/비듬_00175.jpg,2,2,2,2,True,True,True
hair_clean_v1_20260907_053616/original/val/비듬/비듬_00176.jpg,2,4,4,4,False,False,False
hair_clean_v1_20260907_053616/original/val/비듬/비듬_00177.jpg,2,2,2,2,True,True,True
hair_clean_v1_20260907_053616/original/val/비듬/비듬_00178.jpg,2,2,2,2,True,True,True
hair_clean_v1_20260907_053616/original/val/비듬/비듬_00179.jpg,2,4,2,2,False,True,True
hair_clean_v1_20260907_053616/original/val/비듬/비듬_00180.jpg,2,2,2,2,True,True,True
hair_clean_v1_20260907_053616/original/val/비듬/비듬_00181.jpg,2,2,2,2,True,True,True
hair_clean_v1_20260907_053616/original/val/비듬/비듬_00182.jpg,2,2,2,2,True,True,True
hair_clean_v1_20260907_053616/original/val/비듬/비듬_00183.jpg,2,2,2,2,True,True,True
hair_clean_v1_20260907_053616/original/val/비듬/비듬_00184.jpg,2,2,2,2,True,True,True
hair_clean_v1_20260907_053616/original/val/비듬/비듬_00185.jpg,2,2,1,2,True,False,True
hair_clean_v1_20260907_053616/original/val/비듬/비듬_00186.jpg,2,2,2,2,True,True,True
hair_clean_v1_20260907_053616/original/val/비듬/비듬_00187.jpg,2,1,1,1,False,False,False
hair_clean_v1_20260907_053616/original/val/비듬/비듬_00188.jpg,2,2,1,1,True,False,False
hair_clean_v1_20260907_053616/original/val/비듬/비듬_00189.jpg,2,2,1,1,True,False,False
hair_clean_v1_20260907_053616/original/val/비듬/비듬_00190.jpg,2,2,2,2,True,True,True
hair_clean_v1_20260907_053616/original/val/비듬/비듬_00191.jpg,2,2,2,2,True,True,True
hair_clean_v1_20260907_053616/original/val/비듬/비듬_00192.jpg,2,2,2,2,True,True,True
hair_clean_v1_20260907_053616/original/val/비듬/비듬_00193.jpg,2,1,2,1,False,True,False
hair_clean_v1_20260907_053616/original/val/비듬/비듬_00194.jpg,2,2,1,2,True,False,True
hair_clean_v1_20260907_053616/original/val/비듬/비듬_00195.jpg,2,2,1,1,True,False,False
hair_clean_v1_20260907_053616/original/val/비듬/비듬_00196.jpg,2,2,2,2,True,True,True
hair_clean_v1_20260907_053616/original/val/비듬/비듬_00197.jpg,2,2,4,2,True,False,True
hair_clean_v1_20260907_053616/original/val/비듬/비듬_00198.jpg,2,2,2,2,True,True,True
hair_clean_v1_20260907_053616/original/val/비듬/비듬_00199.jpg,2,2,2,2,True,True,True
hair_clean_v1_20260907_053616/original/val/비듬/비듬_00200.jpg,2,2,2,2,True,True,True
hair_clean_v1_20260907_053616/original/val/비듬/비듬_00201.jpg,2,1,1,1,False,False,False
hair_clean_v1_20260907_053616/original/val/비듬/비듬_00202.jpg,2,2,2,2,True,True,True
hair_clean_v1_20260907_053616/original/val/비듬/비듬_00203.jpg,2,2,2,2,True,True,True
hair_clean_v1_20260907_053616/original/val/비듬/비듬_00204.jpg,2,2,0,0,True,False,False
hair_clean_v1_20260907_053616/original/val/비듬/비듬_00205.jpg,2,2,2,2,True,True,True
hair_clean_v1_20260907_053616/original/val/비듬/비듬_00206.jpg,2,0,0,0,False,False,False
hair_clean_v1_20260907_053616/original/val/비듬/비듬_00207.jpg,2,0,0,0,False,False,False
hair_clean_v1_20260907_053616/original/val/비듬/비듬_00208.jpg,2,2,2,2,True,True,True
hair_clean_v1_20260907_053616/original/val/비듬/비듬_00209.jpg,2,2,2,2,True,True,True
hair_clean_v1_20260907_053616/original/val/비듬/비듬_00210.jpg,2,2,1,1,True,False,False
hair_clean_v1_20260907_053616/original/val/비듬/비듬_00211.jpg,2,2,2,2,True,True,True
hair_clean_v1_20260907_053616/original/val/비듬/비듬_00212.jpg,2,2,2,2,True,True,True
hair_clean_v1_20260907_053616/original/val/비듬/비듬_00213.jpg,2,2,2,2,True,True,True
hair_clean_v1_20260907_053616/original/val/비듬/비듬_00214.jpg,2,2,2,2,True,True,True
hair_clean_v1_20260907_053616/original/val/비듬/비듬_00215.jpg,2,2,2,2,True,True,True
hair_clean_v1_20260907_053616/original/val/비듬/비듬_00216.jpg,2,2,2,2,True,True,True
hair_clean_v1_20260907_053616/original/val/비듬/비듬_00217.jpg,2,2,2,2,True,True,True
hair_clean_v1_20260907_053616/original/val/비듬/비듬_00218.jpg,2,2,2,2,True,True,True
hair_clean_v1_20260907_053616/original/val/비듬/비듬_00219.jpg,2,2,2,2,True,True,True
hair_clean_v1_20260907_053616/original/val/비듬/비듬_00220.jpg,2,2,2,2,True,True,True
hair_clean_v1_20260907_053616/original/val/비듬/비듬_00221.jpg,2,0,0,0,False,False,False
hair_clean_v1_20260907_053616/original/val/비듬/비듬_00222.jpg,2,4,1,1,False,False,False
hair_clean_v1_20260907_053616/original/val/비듬/비듬_00223.jpg,2,2,2,2,True,True,True
hair_clean_v1_20260907_053616/original/val/비듬/비듬_00224.jpg,2,4,1,4,False,False,False
hair_clean_v1_20260907_053616/original/val/비듬/비듬_00225.jpg,2,1,4,4,False,False,False
hair_clean_v1_20260907_053616/original/val/비듬/비듬_00226.jpg,2,2,2,2,True,True,True
hair_clean_v1_20260907_053616/original/val/비듬/비듬_00227.jpg,2,2,2,2,True,True,True
hair_clean_v1_20260907_053616/original/val/비듬/비듬_00228.jpg,2,2,2,2,True,True,True
hair_clean_v1_20260907_053616/original/val/비듬/비듬_00229.jpg,2,2,2,2,True,True,True
hair_clean_v1_20260907_053616/original/val/비듬/비듬_00230.jpg,2,2,2,2,True,True,True
hair_clean_v1_20260907_053616/original/val/비듬/비듬_00231.jpg,2,4,4,4,False,False,False
hair_clean_v1_20260907_053616/original/val/비듬/비듬_00232.jpg,2,2,2,2,True,True,True
hair_clean_v1_20260907_053616/original/val/비듬/비듬_00233.jpg,2,2,2,2,True,True,True
hair_clean_v1_20260907_053616/original/val/비듬/비듬_00234.jpg,2,4,4,4,False,False,False
hair_clean_v1_20260907_053616/original/val/비듬/비듬_00235.jpg,2,2,2,2,True,True,True
hair_clean_v1_20260907_053616/original/val/비듬/비듬_00236.jpg,2,4,4,4,False,False,False
hair_clean_v1_20260907_053616/original/val/비듬/비듬_00237.jpg,2,2,2,2,True,True,True
hair_clean_v1_20260907_053616/original/val/비듬/비듬_00238.jpg,2,2,2,2,True,True,True
hair_clean_v1_20260907_053616/original/val/비듬/비듬_00239.jpg,2,1,1,1,False,False,False
hair_clean_v1_20260907_053616/original/val/비듬/비듬_00240.jpg,2,2,2,2,True,True,True
hair_clean_v1_20260907_053616/original/val/비듬/비듬_00241.jpg,2,4,4,4,False,False,False
hair_clean_v1_20260907_053616/original/val/탈모/탈모_00001.jpg,3,4,3,3,False,True,True
hair_clean_v1_20260907_053616/original/val/탈모/탈모_00002.jpg,3,3,3,3,True,True,True
hair_clean_v1_20260907_053616/original/val/탈모/탈모_00003.jpg,3,3,3,3,True,True,True
hair_clean_v1_20260907_053616/original/val/탈모/탈모_00004.jpg,3,3,3,3,True,True,True
hair_clean_v1_20260907_053616/original/val/탈모/탈모_00005.jpg,3,4,3,3,False,True,True
hair_clean_v1_20260907_053616/original/val/탈모/탈모_00006.jpg,3,4,3,4,False,True,False
hair_clean_v1_20260907_053616/original/val/탈모/탈모_00007.jpg,3,3,3,3,True,True,True
hair_clean_v1_20260907_053616/original/val/탈모/탈모_00008.jpg,3,3,3,3,True,True,True
hair_clean_v1_20260907_053616/original/val/탈모/탈모_00009.jpg,3,3,3,3,True,True,True
hair_clean_v1_20260907_053616/original/val/탈모/탈모_00010.jpg,3,3,3,3,True,True,True
hair_clean_v1_20260907_053616/original/val/탈모/탈모_00011.jpg,3,3,3,3,True,True,True
hair_clean_v1_20260907_053616/original/val/탈모/탈모_00012.jpg,3,3,3,3,True,True,True
hair_clean_v1_20260907_053616/original/val/탈모/탈모_00013.jpg,3,3,3,3,True,True,True
hair_clean_v1_20260907_053616/original/val/탈모/탈모_00014.jpg,3,0,0,0,False,False,False
hair_clean_v1_20260907_053616/original/val/탈모/탈모_00015.jpg,3,1,1,1,False,False,False
hair_clean_v1_20260907_053616/original/val/탈모/탈모_00016.jpg,3,3,3,3,True,True,True
hair_clean_v1_20260907_053616/original/val/탈모/탈모_00017.jpg,3,3,3,3,True,True,True
hair_clean_v1_20260907_053616/original/val/탈모/탈모_00018.jpg,3,3,3,3,True,True,True
hair_clean_v1_20260907_053616/original/val/탈모/탈모_00019.jpg,3,3,3,3,True,True,True
hair_clean_v1_20260907_053616/original/val/탈모/탈모_00020.jpg,3,3,3,3,True,True,True
hair_clean_v1_20260907_053616/original/val/탈모/탈모_00021.jpg,3,3,3,3,True,True,True
hair_clean_v1_20260907_053616/original/val/탈모/탈모_00022.jpg,3,3,3,3,True,True,True
hair_clean_v1_20260907_053616/original/val/탈모/탈모_00023.jpg,3,3,3,3,True,True,True
hair_clean_v1_20260907_053616/original/val/탈모/탈모_00024.jpg,3,3,3,3,True,True,True
hair_clean_v1_20260907_053616/original/val/탈모/탈모_00025.jpg,3,3,3,3,True,True,True
hair_clean_v1_20260907_053616/original/val/탈모/탈모_00026.jpg,3,3,3,3,True,True,True
hair_clean_v1_20260907_053616/original/val/탈모/탈모_00027.jpg,3,3,3,3,True,True,True
hair_clean_v1_20260907_053616/original/val/탈모/탈모_00028.jpg,3,3,3,3,True,True,True
hair_clean_v1_20260907_053616/original/val/탈모/탈모_00029.jpg,3,3,3,3,True,True,True
hair_clean_v1_20260907_053616/original/val/탈모/탈모_00030.jpg,3,3,3,3,True,True,True
hair_clean_v1_20260907_053616/original/val/탈모/탈모_00031.jpg,3,3,3,3,True,True,True
hair_clean_v1_20260907_053616/original/val/탈모/탈모_00032.jpg,3,1,1,1,False,False,False
hair_clean_v1_20260907_053616/original/val/탈모/탈모_00033.jpg,3,3,3,3,True,True,True
hair_clean_v1_20260907_053616/original/val/탈모/탈모_00034.jpg,3,0,0,0,False,False,False
hair_clean_v1_20260907_053616/original/val/탈모/탈모_00035.jpg,3,3,3,3,True,True,True
hair_clean_v1_20260907_053616/original/val/탈모/탈모_00036.jpg,3,3,3,3,True,True,True
hair_clean_v1_20260907_053616/original/val/탈모/탈모_00037.jpg,3,0,0,0,False,False,False
hair_clean_v1_20260907_053616/original/val/탈모/탈모_00038.jpg,3,0,3,0,False,True,False
hair_clean_v1_20260907_053616/original/val/탈모/탈모_00039.jpg,3,3,3,3,True,True,True
hair_clean_v1_20260907_053616/original/val/탈모/탈모_00040.jpg,3,3,3,3,True,True,True
hair_clean_v1_20260907_053616/original/val/탈모/탈모_00041.jpg,3,3,3,3,True,True,True
hair_clean_v1_20260907_053616/original/val/탈모/탈모_00042.jpg,3,3,3,3,True,True,True
hair_clean_v1_20260907_053616/original/val/탈모/탈모_00043.jpg,3,4,3,4,False,True,False
hair_clean_v1_20260907_053616/original/val/탈모/탈모_00044.jpg,3,3,3,3,True,True,True
hair_clean_v1_20260907_053616/original/val/탈모/탈모_00045.jpg,3,3,3,3,True,True,True
hair_clean_v1_20260907_053616/original/val/탈모/탈모_00046.jpg,3,3,3,3,True,True,True
hair_clean_v1_20260907_053616/original/val/탈모/탈모_00047.jpg,3,3,3,3,True,True,True
hair_clean_v1_20260907_053616/original/val/탈모/탈모_00048.jpg,3,3,0,3,True,False,True
hair_clean_v1_20260907_053616/original/val/탈모/탈모_00049.jpg,3,3,3,3,True,True,True
hair_clean_v1_20260907_053616/original/val/탈모/탈모_00050.jpg,3,1,3,1,False,True,False
hair_clean_v1_20260907_053616/original/val/탈모/탈모_00051.jpg,3,3,3,3,True,True,True
hair_clean_v1_20260907_053616/original/val/탈모/탈모_00052.jpg,3,0,0,0,False,False,False
hair_clean_v1_20260907_053616/original/val/탈모/탈모_00053.jpg,3,3,3,3,True,True,True
hair_clean_v1_20260907_053616/original/val/탈모/탈모_00054.jpg,3,3,3,3,True,True,True
hair_clean_v1_20260907_053616/original/val/탈모/탈모_00055.jpg,3,0,0,0,False,False,False
hair_clean_v1_20260907_053616/original/val/탈모/탈모_00056.jpg,3,3,3,3,True,True,True
hair_clean_v1_20260907_053616/original/val/탈모/탈모_00057.jpg,3,1,1,1,False,False,False
hair_clean_v1_20260907_053616/original/val/탈모/탈모_00058.jpg,3,3,3,3,True,True,True
hair_clean_v1_20260907_053616/original/val/탈모/탈모_00059.jpg,3,3,3,3,True,True,True
hair_clean_v1_20260907_053616/original/val/탈모/탈모_00060.jpg,3,3,3,3,True,True,True
hair_clean_v1_20260907_053616/original/val/탈모/탈모_00061.jpg,3,3,3,3,True,True,True
hair_clean_v1_20260907_053616/original/val/탈모/탈모_00062.jpg,3,1,1,1,False,False,False
hair_clean_v1_20260907_053616/original/val/탈모/탈모_00063.jpg,3,3,3,3,True,True,True
hair_clean_v1_20260907_053616/original/val/탈모/탈모_00064.jpg,3,3,3,3,True,True,True
hair_clean_v1_20260907_053616/original/val/탈모/탈모_00065.jpg,3,3,3,3,True,True,True
hair_clean_v1_20260907_053616/original/val/탈모/탈모_00066.jpg,3,3,3,3,True,True,True
hair_clean_v1_20260907_053616/original/val/탈모/탈모_00067.jpg,3,3,3,3,True,True,True
hair_clean_v1_20260907_053616/original/val/탈모/탈모_00068.jpg,3,3,3,3,True,True,True
hair_clean_v1_20260907_053616/original/val/탈모/탈모_00069.jpg,3,2,2,2,False,False,False
hair_clean_v1_20260907_053616/original/val/탈모/탈모_00070.jpg,3,3,3,3,True,True,True
hair_clean_v1_20260907_053616/original/val/탈모/탈모_00071.jpg,3,3,3,3,True,True,True
hair_clean_v1_20260907_053616/original/val/탈모/탈모_00072.jpg,3,3,3,3,True,True,True
hair_clean_v1_20260907_053616/original/val/탈모/탈모_00073.jpg,3,3,3,3,True,True,True
hair_clean_v1_20260907_053616/original/val/탈모/탈모_00074.jpg,3,3,3,3,True,True,True
hair_clean_v1_20260907_053616/original/val/탈모/탈모_00075.jpg,3,3,3,3,True,True,True
hair_clean_v1_20260907_053616/original/val/탈모/탈모_00076.jpg,3,4,3,4,False,True,False
hair_clean_v1_20260907_053616/original/val/탈모/탈모_00077.jpg,3,3,3,3,True,True,True
hair_clean_v1_20260907_053616/original/val/탈모/탈모_00078.jpg,3,1,1,1,False,False,False
hair_clean_v1_20260907_053616/original/val/탈모/탈모_00079.jpg,3,3,3,3,True,True,True
hair_clean_v1_20260907_053616/original/val/탈모/탈모_00080.jpg,3,3,3,3,True,True,True
hair_clean_v1_20260907_053616/original/val/탈모/탈모_00081.jpg,3,3,3,3,True,True,True
hair_clean_v1_20260907_053616/original/val/탈모/탈모_00082.jpg,3,3,3,3,True,True,True
hair_clean_v1_20260907_053616/original/val/탈모/탈모_00083.jpg,3,0,0,0,False,False,False
hair_clean_v1_20260907_053616/original/val/탈모/탈모_00084.jpg,3,3,3,3,True,True,True
hair_clean_v1_20260907_053616/original/val/탈모/탈모_00085.jpg,3,3,3,3,True,True,True
hair_clean_v1_20260907_053616/original/val/탈모/탈모_00086.jpg,3,3,3,3,True,True,True
hair_clean_v1_20260907_053616/original/val/탈모/탈모_00087.jpg,3,3,3,3,True,True,True
hair_clean_v1_20260907_053616/original/val/탈모/탈모_00088.jpg,3,3,3,3,True,True,True
hair_clean_v1_20260907_053616/original/val/탈모/탈모_00089.jpg,3,3,3,3,True,True,True
hair_clean_v1_20260907_053616/original/val/탈모/탈모_00090.jpg,3,3,3,3,True,True,True
hair_clean_v1_20260907_053616/original/val/탈모/탈모_00091.jpg,3,3,3,3,True,True,True
hair_clean_v1_20260907_053616/original/val/탈모/탈모_00092.jpg,3,3,3,3,True,True,True
hair_clean_v1_20260907_053616/original/val/탈모/탈모_00093.jpg,3,3,3,3,True,True,True
hair_clean_v1_20260907_053616/original/val/탈모/탈모_00094.jpg,3,3,3,3,True,True,True
hair_clean_v1_20260907_053616/original/val/탈모/탈모_00095.jpg,3,3,3,3,True,True,True
hair_clean_v1_20260907_053616/original/val/탈모/탈모_00096.jpg,3,3,3,3,True,True,True
hair_clean_v1_20260907_053616/original/val/탈모/탈모_00097.jpg,3,3,3,3,True,True,True
hair_clean_v1_20260907_053616/original/val/탈모/탈모_00098.jpg,3,3,3,3,True,True,True
hair_clean_v1_20260907_053616/original/val/탈모/탈모_00099.jpg,3,3,3,3,True,True,True
hair_clean_v1_20260907_053616/original/val/탈모/탈모_00100.jpg,3,3,3,3,True,True,True
hair_clean_v1_20260907_053616/original/val/탈모/탈모_00101.jpg,3,0,0,0,False,False,False
hair_clean_v1_20260907_053616/original/val/탈모/탈모_00102.jpg,3,3,3,3,True,True,True
hair_clean_v1_20260907_053616/original/val/탈모/탈모_00103.jpg,3,3,3,3,True,True,True
hair_clean_v1_20260907_053616/original/val/탈모/탈모_00104.jpg,3,3,3,3,True,True,True
hair_clean_v1_20260907_053616/original/val/탈모/탈모_00105.jpg,3,3,3,3,True,True,True
hair_clean_v1_20260907_053616/original/val/탈모/탈모_00106.jpg,3,3,3,3,True,True,True
hair_clean_v1_20260907_053616/original/val/탈모/탈모_00107.jpg,3,3,3,3,True,True,True
hair_clean_v1_20260907_053616/original/val/탈모/탈모_00108.jpg,3,3,3,3,True,True,True
hair_clean_v1_20260907_053616/original/val/탈모/탈모_00109.jpg,3,3,3,3,True,True,True
hair_clean_v1_20260907_053616/original/val/탈모/탈모_00110.jpg,3,3,3,3,True,True,True
hair_clean_v1_20260907_053616/original/val/탈모/탈모_00111.jpg,3,3,3,3,True,True,True
hair_clean_v1_20260907_053616/original/val/탈모/탈모_00112.jpg,3,3,3,3,True,True,True
hair_clean_v1_20260907_053616/original/val/탈모/탈모_00113.jpg,3,3,3,3,True,True,True
hair_clean_v1_20260907_053616/original/val/탈모/탈모_00114.jpg,3,3,3,3,True,True,True
hair_clean_v1_20260907_053616/original/val/탈모/탈모_00115.jpg,3,2,2,2,False,False,False
hair_clean_v1_20260907_053616/original/val/탈모/탈모_00116.jpg,3,3,3,3,True,True,True
hair_clean_v1_20260907_053616/original/val/탈모/탈모_00117.jpg,3,3,3,3,True,True,True
hair_clean_v1_20260907_053616/original/val/탈모/탈모_00118.jpg,3,3,3,3,True,True,True
hair_clean_v1_20260907_053616/original/val/탈모/탈모_00119.jpg,3,3,3,3,True,True,True
hair_clean_v1_20260907_053616/original/val/탈모/탈모_00120.jpg,3,3,3,3,True,True,True
hair_clean_v1_20260907_053616/original/val/탈모/탈모_00121.jpg,3,0,0,0,False,False,False
hair_clean_v1_20260907_053616/original/val/탈모/탈모_00122.jpg,3,3,3,3,True,True,True
hair_clean_v1_20260907_053616/original/val/탈모/탈모_00123.jpg,3,3,3,3,True,True,True
hair_clean_v1_20260907_053616/original/val/탈모/탈모_00124.jpg,3,3,3,3,True,True,True
hair_clean_v1_20260907_053616/original/val/탈모/탈모_00125.jpg,3,3,3,3,True,True,True
hair_clean_v1_20260907_053616/original/val/탈모/탈모_00126.jpg,3,3,3,3,True,True,True
hair_clean_v1_20260907_053616/original/val/탈모/탈모_00127.jpg,3,3,3,3,True,True,True
hair_clean_v1_20260907_053616/original/val/탈모/탈모_00128.jpg,3,3,3,3,True,True,True
hair_clean_v1_20260907_053616/original/val/탈모/탈모_00129.jpg,3,3,3,3,True,True,True
hair_clean_v1_20260907_053616/original/val/탈모/탈모_00130.jpg,3,3,3,3,True,True,True
hair_clean_v1_20260907_053616/original/val/탈모/탈모_00131.jpg,3,3,3,3,True,True,True
hair_clean_v1_20260907_053616/original/val/탈모/탈모_00132.jpg,3,3,3,3,True,True,True
hair_clean_v1_20260907_053616/original/val/탈모/탈모_00133.jpg,3,3,3,3,True,True,True
hair_clean_v1_20260907_053616/original/val/탈모/탈모_00134.jpg,3,3,3,3,True,True,True
hair_clean_v1_20260907_053616/original/val/탈모/탈모_00135.jpg,3,3,3,3,True,True,True
hair_clean_v1_20260907_053616/original/val/탈모/탈모_00136.jpg,3,2,2,2,False,False,False
hair_clean_v1_20260907_053616/original/val/탈모/탈모_00137.jpg,3,3,3,3,True,True,True
hair_clean_v1_20260907_053616/original/val/탈모/탈모_00138.jpg,3,3,3,3,True,True,True
hair_clean_v1_20260907_053616/original/val/탈모/탈모_00139.jpg,3,3,3,3,True,True,True
hair_clean_v1_20260907_053616/original/val/탈모/탈모_00140.jpg,3,3,3,3,True,True,True
hair_clean_v1_20260907_053616/original/val/탈모/탈모_00141.jpg,3,3,3,3,True,True,True
hair_clean_v1_20260907_053616/original/val/탈모/탈모_00142.jpg,3,3,0,3,True,False,True
hair_clean_v1_20260907_053616/original/val/탈모/탈모_00143.jpg,3,3,3,3,True,True,True
hair_clean_v1_20260907_053616/original/val/탈모/탈모_00144.jpg,3,3,3,3,True,True,True
hair_clean_v1_20260907_053616/original/val/탈모/탈모_00145.jpg,3,3,3,3,True,True,True
hair_clean_v1_20260907_053616/original/val/탈모/탈모_00146.jpg,3,3,3,3,True,True,True
hair_clean_v1_20260907_053616/original/val/탈모/탈모_00147.jpg,3,3,4,4,True,False,False
hair_clean_v1_20260907_053616/original/val/탈모/탈모_00148.jpg,3,3,3,3,True,True,True
hair_clean_v1_20260907_053616/original/val/탈모/탈모_00149.jpg,3,3,3,3,True,True,True
hair_clean_v1_20260907_053616/original/val/탈모/탈모_00150.jpg,3,0,0,0,False,False,False
hair_clean_v1_20260907_053616/original/val/탈모/탈모_00151.jpg,3,2,2,2,False,False,False
hair_clean_v1_20260907_053616/original/val/탈모/탈모_00152.jpg,3,3,3,3,True,True,True
hair_clean_v1_20260907_053616/original/val/탈모/탈모_00153.jpg,3,3,3,3,True,True,True
hair_clean_v1_20260907_053616/original/val/탈모/탈모_00154.jpg,3,3,3,3,True,True,True
hair_clean_v1_20260907_053616/original/val/탈모/탈모_00155.jpg,3,3,3,3,True,True,True
hair_clean_v1_20260907_053616/original/val/탈모/탈모_00156.jpg,3,3,3,3,True,True,True
hair_clean_v1_20260907_053616/original/val/탈모/탈모_00157.jpg,3,3,3,3,True,True,True
hair_clean_v1_20260907_053616/original/val/탈모/탈모_00158.jpg,3,3,3,3,True,True,True
hair_clean_v1_20260907_053616/original/val/탈모/탈모_00159.jpg,3,3,3,3,True,True,True
hair_clean_v1_20260907_053616/original/val/탈모/탈모_00160.jpg,3,3,3,3,True,True,True
hair_clean_v1_20260907_053616/original/val/탈모/탈모_00161.jpg,3,3,3,3,True,True,True
hair_clean_v1_20260907_053616/original/val/탈모/탈모_00162.jpg,3,3,3,3,True,True,True
hair_clean_v1_20260907_053616/original/val/탈모/탈모_00163.jpg,3,3,3,3,True,True,True
hair_clean_v1_20260907_053616/original/val/탈모/탈모_00164.jpg,3,3,3,3,True,True,True
hair_clean_v1_20260907_053616/original/val/탈모/탈모_00165.jpg,3,3,3,3,True,True,True
hair_clean_v1_20260907_053616/original/val/탈모/탈모_00166.jpg,3,3,3,3,True,True,True
hair_clean_v1_20260907_053616/original/val/탈모/탈모_00167.jpg,3,3,3,3,True,True,True
hair_clean_v1_20260907_053616/original/val/탈모/탈모_00168.jpg,3,3,3,3,True,True,True
hair_clean_v1_20260907_053616/original/val/탈모/탈모_00169.jpg,3,3,3,3,True,True,True
hair_clean_v1_20260907_053616/original/val/탈모/탈모_00170.jpg,3,3,3,3,True,True,True
hair_clean_v1_20260907_053616/original/val/탈모/탈모_00171.jpg,3,0,0,0,False,False,False
hair_clean_v1_20260907_053616/original/val/탈모/탈모_00172.jpg,3,3,3,3,True,True,True
hair_clean_v1_20260907_053616/original/val/탈모/탈모_00173.jpg,3,3,3,3,True,True,True
hair_clean_v1_20260907_053616/original/val/탈모/탈모_00174.jpg,3,0,0,0,False,False,False
hair_clean_v1_20260907_053616/original/val/탈모/탈모_00175.jpg,3,0,0,0,False,False,False
hair_clean_v1_20260907_053616/original/val/탈모/탈모_00176.jpg,3,3,3,3,True,True,True
hair_clean_v1_20260907_053616/original/val/탈모/탈모_00177.jpg,3,3,3,3,True,True,True
hair_clean_v1_20260907_053616/original/val/탈모/탈모_00178.jpg,3,3,3,3,True,True,True
hair_clean_v1_20260907_053616/original/val/탈모/탈모_00179.jpg,3,1,4,4,False,False,False
hair_clean_v1_20260907_053616/original/val/탈모/탈모_00180.jpg,3,3,3,3,True,True,True
hair_clean_v1_20260907_053616/original/val/탈모/탈모_00181.jpg,3,3,3,3,True,True,True
hair_clean_v1_20260907_053616/original/val/탈모/탈모_00182.jpg,3,3,3,3,True,True,True
hair_clean_v1_20260907_053616/original/val/탈모/탈모_00183.jpg,3,3,3,3,True,True,True
hair_clean_v1_20260907_053616/original/val/탈모/탈모_00184.jpg,3,3,3,3,True,True,True
hair_clean_v1_20260907_053616/original/val/탈모/탈모_00185.jpg,3,3,3,3,True,True,True
hair_clean_v1_20260907_053616/original/val/탈모/탈모_00186.jpg,3,3,0,0,True,False,False
hair_clean_v1_20260907_053616/original/val/탈모/탈모_00187.jpg,3,3,3,3,True,True,True
hair_clean_v1_20260907_053616/original/val/탈모/탈모_00188.jpg,3,3,3,3,True,True,True
hair_clean_v1_20260907_053616/original/val/탈모/탈모_00189.jpg,3,3,3,3,True,True,True
hair_clean_v1_20260907_053616/original/val/탈모/탈모_00190.jpg,3,3,3,3,True,True,True
hair_clean_v1_20260907_053616/original/val/탈모/탈모_00191.jpg,3,3,3,3,True,True,True
hair_clean_v1_20260907_053616/original/val/탈모/탈모_00192.jpg,3,3,3,3,True,True,True
hair_clean_v1_20260907_053616/original/val/탈모/탈모_00193.jpg,3,3,3,3,True,True,True
hair_clean_v1_20260907_053616/original/val/탈모/탈모_00194.jpg,3,3,3,3,True,True,True
hair_clean_v1_20260907_053616/original/val/탈모/탈모_00195.jpg,3,3,3,3,True,True,True
hair_clean_v1_20260907_053616/original/val/탈모/탈모_00196.jpg,3,3,3,3,True,True,True
hair_clean_v1_20260907_053616/original/val/탈모/탈모_00197.jpg,3,3,0,0,True,False,False
hair_clean_v1_20260907_053616/original/val/탈모/탈모_00198.jpg,3,1,4,1,False,False,False
hair_clean_v1_20260907_053616/original/val/탈모/탈모_00199.jpg,3,3,3,3,True,True,True
hair_clean_v1_20260907_053616/original/val/탈모/탈모_00200.jpg,3,3,3,3,True,True,True
hair_clean_v1_20260907_053616/original/val/탈모/탈모_00201.jpg,3,3,3,3,True,True,True
hair_clean_v1_20260907_053616/original/val/탈모/탈모_00202.jpg,3,3,3,3,True,True,True
hair_clean_v1_20260907_053616/original/val/탈모/탈모_00203.jpg,3,3,3,3,True,True,True
hair_clean_v1_20260907_053616/original/val/탈모/탈모_00204.jpg,3,2,2,2,False,False,False
hair_clean_v1_20260907_053616/original/val/탈모/탈모_00205.jpg,3,3,3,3,True,True,True
hair_clean_v1_20260907_053616/original/val/탈모/탈모_00206.jpg,3,3,3,3,True,True,True
hair_clean_v1_20260907_053616/original/val/탈모/탈모_00207.jpg,3,3,3,3,True,True,True
hair_clean_v1_20260907_053616/original/val/탈모/탈모_00208.jpg,3,2,3,2,False,True,False
hair_clean_v1_20260907_053616/original/val/탈모/탈모_00209.jpg,3,2,2,2,False,False,False
hair_clean_v1_20260907_053616/original/val/탈모/탈모_00210.jpg,3,3,3,3,True,True,True
hair_clean_v1_20260907_053616/original/val/탈모/탈모_00211.jpg,3,3,3,3,True,True,True
hair_clean_v1_20260907_053616/original/val/탈모/탈모_00212.jpg,3,1,1,1,False,False,False
hair_clean_v1_20260907_053616/original/val/탈모/탈모_00213.jpg,3,3,3,3,True,True,True
hair_clean_v1_20260907_053616/original/val/탈모/탈모_00214.jpg,3,3,3,3,True,True,True
hair_clean_v1_20260907_053616/original/val/탈모/탈모_00215.jpg,3,3,3,3,True,True,True
hair_clean_v1_20260907_053616/original/val/탈모/탈모_00216.jpg,3,3,3,3,True,True,True
hair_clean_v1_20260907_053616/original/val/탈모/탈모_00217.jpg,3,3,3,3,True,True,True
hair_clean_v1_20260907_053616/original/val/탈모/탈모_00218.jpg,3,3,3,3,True,True,True
hair_clean_v1_20260907_053616/original/val/탈모/탈모_00219.jpg,3,3,3,3,True,True,True
hair_clean_v1_20260907_053616/original/val/탈모/탈모_00220.jpg,3,3,3,3,True,True,True
hair_clean_v1_20260907_053616/original/val/탈모/탈모_00221.jpg,3,0,0,0,False,False,False
hair_clean_v1_20260907_053616/original/val/탈모/탈모_00222.jpg,3,3,3,3,True,True,True
hair_clean_v1_20260907_053616/original/val/탈모/탈모_00223.jpg,3,3,3,3,True,True,True
hair_clean_v1_20260907_053616/original/val/탈모/탈모_00224.jpg,3,0,3,3,False,True,True
hair_clean_v1_20260907_053616/original/val/탈모/탈모_00225.jpg,3,3,3,3,True,True,True
hair_clean_v1_20260907_053616/original/val/탈모/탈모_00226.jpg,3,3,1,1,True,False,False
hair_clean_v1_20260907_053616/original/val/탈모/탈모_00227.jpg,3,3,3,3,True,True,True
hair_clean_v1_20260907_053616/original/val/탈모/탈모_00228.jpg,3,3,3,3,True,True,True
hair_clean_v1_20260907_053616/original/val/탈모/탈모_00229.jpg,3,3,3,3,True,True,True
hair_clean_v1_20260907_053616/original/val/탈모/탈모_00230.jpg,3,3,3,3,True,True,True
hair_clean_v1_20260907_053616/original/val/탈모/탈모_00231.jpg,3,3,3,3,True,True,True
hair_clean_v1_20260907_053616/original/val/탈모/탈모_00232.jpg,3,3,3,3,True,True,True
hair_clean_v1_20260907_053616/original/val/탈모/탈모_00233.jpg,3,0,0,0,False,False,False
hair_clean_v1_20260907_053616/original/val/탈모/탈모_00234.jpg,3,3,3,3,True,True,True
hair_clean_v1_20260907_053616/original/val/탈모/탈모_00235.jpg,3,0,0,0,False,False,False
hair_clean_v1_20260907_053616/original/val/탈모/탈모_00236.jpg,3,4,4,4,False,False,False
hair_clean_v1_20260907_053616/original/val/탈모/탈모_00237.jpg,3,3,3,3,True,True,True
hair_clean_v1_20260907_053616/original/val/탈모/탈모_00238.jpg,3,3,3,3,True,True,True
hair_clean_v1_20260907_053616/original/val/탈모/탈모_00239.jpg,3,3,3,3,True,True,True
hair_clean_v1_20260907_053616/original/val/탈모/탈모_00240.jpg,3,3,3,3,True,True,True
hair_clean_v1_20260907_053616/original/val/탈모/탈모_00241.jpg,3,3,3,3,True,True,True
hair_clean_v1_20260907_053616/original/val/탈모/탈모_00242.jpg,3,3,3,3,True,True,True
hair_clean_v1_20260907_053616/original/val/탈모/탈모_00243.jpg,3,3,3,3,True,True,True
hair_clean_v1_20260907_053616/original/val/탈모/탈모_00244.jpg,3,3,3,3,True,True,True
hair_clean_v1_20260907_053616/original/val/탈모/탈모_00245.jpg,3,4,4,4,False,False,False
hair_clean_v1_20260907_053616/original/val/피지과다/피지과다_00001.jpg,4,4,4,4,True,True,True
hair_clean_v1_20260907_053616/original/val/피지과다/피지과다_00002.jpg,4,0,4,4,False,True,True
hair_clean_v1_20260907_053616/original/val/피지과다/피지과다_00003.jpg,4,4,4,4,True,True,True
hair_clean_v1_20260907_053616/original/val/피지과다/피지과다_00004.jpg,4,4,4,4,True,True,True
hair_clean_v1_20260907_053616/original/val/피지과다/피지과다_00005.jpg,4,2,2,2,False,False,False
hair_clean_v1_20260907_053616/original/val/피지과다/피지과다_00006.jpg,4,0,0,0,False,False,False
hair_clean_v1_20260907_053616/original/val/피지과다/피지과다_00007.jpg,4,4,4,4,True,True,True
hair_clean_v1_20260907_053616/original/val/피지과다/피지과다_00008.jpg,4,0,0,0,False,False,False
hair_clean_v1_20260907_053616/original/val/피지과다/피지과다_00009.jpg,4,2,4,4,False,True,True
hair_clean_v1_20260907_053616/original/val/피지과다/피지과다_00010.jpg,4,2,2,2,False,False,False
hair_clean_v1_20260907_053616/original/val/피지과다/피지과다_00011.jpg,4,4,4,4,True,True,True
hair_clean_v1_20260907_053616/original/val/피지과다/피지과다_00012.jpg,4,4,4,4,True,True,True
hair_clean_v1_20260907_053616/original/val/피지과다/피지과다_00013.jpg,4,4,4,4,True,True,True
hair_clean_v1_20260907_053616/original/val/피지과다/피지과다_00014.jpg,4,4,4,4,True,True,True
hair_clean_v1_20260907_053616/original/val/피지과다/피지과다_00015.jpg,4,4,4,4,True,True,True
hair_clean_v1_20260907_053616/original/val/피지과다/피지과다_00016.jpg,4,2,4,4,False,True,True
hair_clean_v1_20260907_053616/original/val/피지과다/피지과다_00017.jpg,4,4,4,4,True,True,True
hair_clean_v1_20260907_053616/original/val/피지과다/피지과다_00018.jpg,4,4,4,4,True,True,True
hair_clean_v1_20260907_053616/original/val/피지과다/피지과다_00019.jpg,4,4,4,4,True,True,True
hair_clean_v1_20260907_053616/original/val/피지과다/피지과다_00020.jpg,4,4,4,4,True,True,True
hair_clean_v1_20260907_053616/original/val/피지과다/피지과다_00021.jpg,4,4,4,4,True,True,True
hair_clean_v1_20260907_053616/original/val/피지과다/피지과다_00022.jpg,4,4,4,4,True,True,True
hair_clean_v1_20260907_053616/original/val/피지과다/피지과다_00023.jpg,4,2,2,2,False,False,False
hair_clean_v1_20260907_053616/original/val/피지과다/피지과다_00024.jpg,4,4,4,4,True,True,True
hair_clean_v1_20260907_053616/original/val/피지과다/피지과다_00025.jpg,4,4,4,4,True,True,True
hair_clean_v1_20260907_053616/original/val/피지과다/피지과다_00026.jpg,4,4,4,4,True,True,True
hair_clean_v1_20260907_053616/original/val/피지과다/피지과다_00027.jpg,4,1,1,1,False,False,False
hair_clean_v1_20260907_053616/original/val/피지과다/피지과다_00028.jpg,4,4,4,4,True,True,True
hair_clean_v1_20260907_053616/original/val/피지과다/피지과다_00029.jpg,4,0,0,0,False,False,False
hair_clean_v1_20260907_053616/original/val/피지과다/피지과다_00030.jpg,4,4,4,4,True,True,True
hair_clean_v1_20260907_053616/original/val/피지과다/피지과다_00031.jpg,4,4,4,4,True,True,True
hair_clean_v1_20260907_053616/original/val/피지과다/피지과다_00032.jpg,4,2,2,2,False,False,False
hair_clean_v1_20260907_053616/original/val/피지과다/피지과다_00033.jpg,4,4,3,4,True,False,True
hair_clean_v1_20260907_053616/original/val/피지과다/피지과다_00034.jpg,4,4,4,4,True,True,True
hair_clean_v1_20260907_053616/original/val/피지과다/피지과다_00035.jpg,4,4,4,4,True,True,True
hair_clean_v1_20260907_053616/original/val/피지과다/피지과다_00036.jpg,4,2,2,2,False,False,False
hair_clean_v1_20260907_053616/original/val/피지과다/피지과다_00037.jpg,4,4,4,4,True,True,True
hair_clean_v1_20260907_053616/original/val/피지과다/피지과다_00038.jpg,4,4,4,4,True,True,True
hair_clean_v1_20260907_053616/original/val/피지과다/피지과다_00039.jpg,4,4,4,4,True,True,True
hair_clean_v1_20260907_053616/original/val/피지과다/피지과다_00040.jpg,4,4,4,4,True,True,True
hair_clean_v1_20260907_053616/original/val/피지과다/피지과다_00041.jpg,4,4,4,4,True,True,True
hair_clean_v1_20260907_053616/original/val/피지과다/피지과다_00042.jpg,4,4,4,4,True,True,True
hair_clean_v1_20260907_053616/original/val/피지과다/피지과다_00043.jpg,4,4,4,4,True,True,True
hair_clean_v1_20260907_053616/original/val/피지과다/피지과다_00044.jpg,4,4,4,4,True,True,True
hair_clean_v1_20260907_053616/original/val/피지과다/피지과다_00045.jpg,4,4,4,4,True,True,True
hair_clean_v1_20260907_053616/original/val/피지과다/피지과다_00046.jpg,4,4,4,4,True,True,True
hair_clean_v1_20260907_053616/original/val/피지과다/피지과다_00047.jpg,4,4,4,4,True,True,True
hair_clean_v1_20260907_053616/original/val/피지과다/피지과다_00048.jpg,4,4,4,4,True,True,True
hair_clean_v1_20260907_053616/original/val/피지과다/피지과다_00049.jpg,4,4,4,4,True,True,True
hair_clean_v1_20260907_053616/original/val/피지과다/피지과다_00050.jpg,4,4,3,4,True,False,True
hair_clean_v1_20260907_053616/original/val/피지과다/피지과다_00051.jpg,4,3,3,3,False,False,False
hair_clean_v1_20260907_053616/original/val/피지과다/피지과다_00052.jpg,4,4,4,4,True,True,True
hair_clean_v1_20260907_053616/original/val/피지과다/피지과다_00053.jpg,4,4,4,4,True,True,True
hair_clean_v1_20260907_053616/original/val/피지과다/피지과다_00054.jpg,4,4,4,4,True,True,True
hair_clean_v1_20260907_053616/original/val/피지과다/피지과다_00055.jpg,4,1,4,4,False,True,True
hair_clean_v1_20260907_053616/original/val/피지과다/피지과다_00056.jpg,4,4,4,4,True,True,True
hair_clean_v1_20260907_053616/original/val/피지과다/피지과다_00057.jpg,4,4,4,4,True,True,True
hair_clean_v1_20260907_053616/original/val/피지과다/피지과다_00058.jpg,4,4,4,4,True,True,True
hair_clean_v1_20260907_053616/original/val/피지과다/피지과다_00059.jpg,4,4,3,4,True,False,True
hair_clean_v1_20260907_053616/original/val/피지과다/피지과다_00060.jpg,4,4,4,4,True,True,True
hair_clean_v1_20260907_053616/original/val/피지과다/피지과다_00061.jpg,4,4,4,4,True,True,True
hair_clean_v1_20260907_053616/original/val/피지과다/피지과다_00062.jpg,4,4,4,4,True,True,True
hair_clean_v1_20260907_053616/original/val/피지과다/피지과다_00063.jpg,4,4,4,4,True,True,True
hair_clean_v1_20260907_053616/original/val/피지과다/피지과다_00064.jpg,4,4,4,4,True,True,True
hair_clean_v1_20260907_053616/original/val/피지과다/피지과다_00065.jpg,4,4,4,4,True,True,True
hair_clean_v1_20260907_053616/original/val/피지과다/피지과다_00066.jpg,4,4,4,4,True,True,True
hair_clean_v1_20260907_053616/original/val/피지과다/피지과다_00067.jpg,4,1,1,1,False,False,False
hair_clean_v1_20260907_053616/original/val/피지과다/피지과다_00068.jpg,4,4,4,4,True,True,True
hair_clean_v1_20260907_053616/original/val/피지과다/피지과다_00069.jpg,4,2,2,2,False,False,False
hair_clean_v1_20260907_053616/original/val/피지과다/피지과다_00070.jpg,4,4,4,4,True,True,True
hair_clean_v1_20260907_053616/original/val/피지과다/피지과다_00071.jpg,4,4,4,4,True,True,True
hair_clean_v1_20260907_053616/original/val/피지과다/피지과다_00072.jpg,4,2,4,2,False,True,False
hair_clean_v1_20260907_053616/original/val/피지과다/피지과다_00073.jpg,4,4,4,4,True,True,True
hair_clean_v1_20260907_053616/original/val/피지과다/피지과다_00074.jpg,4,4,4,4,True,True,True
hair_clean_v1_20260907_053616/original/val/피지과다/피지과다_00075.jpg,4,4,4,4,True,True,True
hair_clean_v1_20260907_053616/original/val/피지과다/피지과다_00076.jpg,4,4,4,4,True,True,True
hair_clean_v1_20260907_053616/original/val/피지과다/피지과다_00077.jpg,4,4,4,4,True,True,True
hair_clean_v1_20260907_053616/original/val/피지과다/피지과다_00078.jpg,4,4,4,4,True,True,True
hair_clean_v1_20260907_053616/original/val/피지과다/피지과다_00079.jpg,4,2,2,2,False,False,False
hair_clean_v1_20260907_053616/original/val/피지과다/피지과다_00080.jpg,4,4,4,4,True,True,True
hair_clean_v1_20260907_053616/original/val/피지과다/피지과다_00081.jpg,4,4,4,4,True,True,True
hair_clean_v1_20260907_053616/original/val/피지과다/피지과다_00082.jpg,4,0,0,0,False,False,False
hair_clean_v1_20260907_053616/original/val/피지과다/피지과다_00083.jpg,4,3,0,0,False,False,False
hair_clean_v1_20260907_053616/original/val/피지과다/피지과다_00084.jpg,4,4,1,4,True,False,True
hair_clean_v1_20260907_053616/original/val/피지과다/피지과다_00085.jpg,4,4,4,4,True,True,True
hair_clean_v1_20260907_053616/original/val/피지과다/피지과다_00086.jpg,4,4,4,4,True,True,True
hair_clean_v1_20260907_053616/original/val/피지과다/피지과다_00087.jpg,4,4,4,4,True,True,True
hair_clean_v1_20260907_053616/original/val/피지과다/피지과다_00088.jpg,4,4,4,4,True,True,True
hair_clean_v1_20260907_053616/original/val/피지과다/피지과다_00089.jpg,4,4,4,4,True,True,True
hair_clean_v1_20260907_053616/original/val/피지과다/피지과다_00090.jpg,4,4,4,4,True,True,True
hair_clean_v1_20260907_053616/original/val/피지과다/피지과다_00091.jpg,4,4,4,4,True,True,True
hair_clean_v1_20260907_053616/original/val/피지과다/피지과다_00092.jpg,4,3,3,3,False,False,False
hair_clean_v1_20260907_053616/original/val/피지과다/피지과다_00093.jpg,4,4,4,4,True,True,True
hair_clean_v1_20260907_053616/original/val/피지과다/피지과다_00094.jpg,4,1,1,1,False,False,False
hair_clean_v1_20260907_053616/original/val/피지과다/피지과다_00095.jpg,4,4,4,4,True,True,True
hair_clean_v1_20260907_053616/original/val/피지과다/피지과다_00096.jpg,4,4,4,4,True,True,True
hair_clean_v1_20260907_053616/original/val/피지과다/피지과다_00097.jpg,4,4,4,4,True,True,True
hair_clean_v1_20260907_053616/original/val/피지과다/피지과다_00098.jpg,4,4,4,4,True,True,True
hair_clean_v1_20260907_053616/original/val/피지과다/피지과다_00099.jpg,4,0,0,0,False,False,False
hair_clean_v1_20260907_053616/original/val/피지과다/피지과다_00100.jpg,4,4,4,4,True,True,True
hair_clean_v1_20260907_053616/original/val/피지과다/피지과다_00101.jpg,4,4,4,4,True,True,True
hair_clean_v1_20260907_053616/original/val/피지과다/피지과다_00102.jpg,4,4,0,0,True,False,False
hair_clean_v1_20260907_053616/original/val/피지과다/피지과다_00103.jpg,4,4,4,4,True,True,True
hair_clean_v1_20260907_053616/original/val/피지과다/피지과다_00104.jpg,4,4,4,4,True,True,True
hair_clean_v1_20260907_053616/original/val/피지과다/피지과다_00105.jpg,4,4,3,4,True,False,True
hair_clean_v1_20260907_053616/original/val/피지과다/피지과다_00106.jpg,4,2,4,2,False,True,False
hair_clean_v1_20260907_053616/original/val/피지과다/피지과다_00107.jpg,4,4,4,4,True,True,True
hair_clean_v1_20260907_053616/original/val/피지과다/피지과다_00108.jpg,4,4,4,4,True,True,True
hair_clean_v1_20260907_053616/original/val/피지과다/피지과다_00109.jpg,4,4,4,4,True,True,True
hair_clean_v1_20260907_053616/original/val/피지과다/피지과다_00110.jpg,4,4,4,4,True,True,True
hair_clean_v1_20260907_053616/original/val/피지과다/피지과다_00111.jpg,4,2,4,4,False,True,True
hair_clean_v1_20260907_053616/original/val/피지과다/피지과다_00112.jpg,4,4,4,4,True,True,True
hair_clean_v1_20260907_053616/original/val/피지과다/피지과다_00113.jpg,4,4,4,4,True,True,True
hair_clean_v1_20260907_053616/original/val/피지과다/피지과다_00114.jpg,4,4,4,4,True,True,True
hair_clean_v1_20260907_053616/original/val/피지과다/피지과다_00115.jpg,4,4,4,4,True,True,True
hair_clean_v1_20260907_053616/original/val/피지과다/피지과다_00116.jpg,4,4,0,4,True,False,True
hair_clean_v1_20260907_053616/original/val/피지과다/피지과다_00117.jpg,4,3,3,3,False,False,False
hair_clean_v1_20260907_053616/original/val/피지과다/피지과다_00118.jpg,4,4,3,4,True,False,True
hair_clean_v1_20260907_053616/original/val/피지과다/피지과다_00119.jpg,4,4,4,4,True,True,True
hair_clean_v1_20260907_053616/original/val/피지과다/피지과다_00120.jpg,4,4,4,4,True,True,True
hair_clean_v1_20260907_053616/original/val/피지과다/피지과다_00121.jpg,4,4,4,4,True,True,True
hair_clean_v1_20260907_053616/original/val/피지과다/피지과다_00122.jpg,4,4,4,4,True,True,True
hair_clean_v1_20260907_053616/original/val/피지과다/피지과다_00123.jpg,4,4,3,3,True,False,False
hair_clean_v1_20260907_053616/original/val/피지과다/피지과다_00124.jpg,4,1,1,1,False,False,False
hair_clean_v1_20260907_053616/original/val/피지과다/피지과다_00125.jpg,4,4,4,4,True,True,True
hair_clean_v1_20260907_053616/original/val/피지과다/피지과다_00126.jpg,4,4,4,4,True,True,True
hair_clean_v1_20260907_053616/original/val/피지과다/피지과다_00127.jpg,4,4,4,4,True,True,True
hair_clean_v1_20260907_053616/original/val/피지과다/피지과다_00128.jpg,4,1,1,1,False,False,False
hair_clean_v1_20260907_053616/original/val/피지과다/피지과다_00129.jpg,4,4,4,4,True,True,True
hair_clean_v1_20260907_053616/original/val/피지과다/피지과다_00130.jpg,4,4,2,4,True,False,True
hair_clean_v1_20260907_053616/original/val/피지과다/피지과다_00131.jpg,4,0,0,0,False,False,False
hair_clean_v1_20260907_053616/original/val/피지과다/피지과다_00132.jpg,4,4,4,4,True,True,True
hair_clean_v1_20260907_053616/original/val/피지과다/피지과다_00133.jpg,4,4,4,4,True,True,True
hair_clean_v1_20260907_053616/original/val/피지과다/피지과다_00134.jpg,4,4,4,4,True,True,True
hair_clean_v1_20260907_053616/original/val/피지과다/피지과다_00135.jpg,4,4,4,4,True,True,True
hair_clean_v1_20260907_053616/original/val/피지과다/피지과다_00136.jpg,4,4,4,4,True,True,True
hair_clean_v1_20260907_053616/original/val/피지과다/피지과다_00137.jpg,4,4,4,4,True,True,True
hair_clean_v1_20260907_053616/original/val/피지과다/피지과다_00138.jpg,4,4,4,4,True,True,True
hair_clean_v1_20260907_053616/original/val/피지과다/피지과다_00139.jpg,4,4,4,4,True,True,True
hair_clean_v1_20260907_053616/original/val/피지과다/피지과다_00140.jpg,4,4,4,4,True,True,True
hair_clean_v1_20260907_053616/original/val/피지과다/피지과다_00141.jpg,4,4,4,4,True,True,True
hair_clean_v1_20260907_053616/original/val/피지과다/피지과다_00142.jpg,4,4,4,4,True,True,True
hair_clean_v1_20260907_053616/original/val/피지과다/피지과다_00143.jpg,4,4,4,4,True,True,True
hair_clean_v1_20260907_053616/original/val/피지과다/피지과다_00144.jpg,4,0,3,3,False,False,False
hair_clean_v1_20260907_053616/original/val/피지과다/피지과다_00145.jpg,4,4,4,4,True,True,True
hair_clean_v1_20260907_053616/original/val/피지과다/피지과다_00146.jpg,4,4,4,4,True,True,True
hair_clean_v1_20260907_053616/original/val/피지과다/피지과다_00147.jpg,4,0,0,0,False,False,False
hair_clean_v1_20260907_053616/original/val/피지과다/피지과다_00148.jpg,4,4,4,4,True,True,True
hair_clean_v1_20260907_053616/original/val/피지과다/피지과다_00149.jpg,4,4,2,2,True,False,False
hair_clean_v1_20260907_053616/original/val/피지과다/피지과다_00150.jpg,4,4,4,4,True,True,True
hair_clean_v1_20260907_053616/original/val/피지과다/피지과다_00151.jpg,4,4,4,4,True,True,True
hair_clean_v1_20260907_053616/original/val/피지과다/피지과다_00152.jpg,4,1,3,1,False,False,False
hair_clean_v1_20260907_053616/original/val/피지과다/피지과다_00153.jpg,4,4,4,4,True,True,True
hair_clean_v1_20260907_053616/original/val/피지과다/피지과다_00154.jpg,4,4,4,4,True,True,True
hair_clean_v1_20260907_053616/original/val/피지과다/피지과다_00155.jpg,4,2,2,2,False,False,False
hair_clean_v1_20260907_053616/original/val/피지과다/피지과다_00156.jpg,4,4,4,4,True,True,True
hair_clean_v1_20260907_053616/original/val/피지과다/피지과다_00157.jpg,4,1,1,1,False,False,False
hair_clean_v1_20260907_053616/original/val/피지과다/피지과다_00158.jpg,4,4,4,4,True,True,True
hair_clean_v1_20260907_053616/original/val/피지과다/피지과다_00159.jpg,4,4,4,4,True,True,True
hair_clean_v1_20260907_053616/original/val/피지과다/피지과다_00160.jpg,4,4,4,4,True,True,True
hair_clean_v1_20260907_053616/original/val/피지과다/피지과다_00161.jpg,4,4,4,4,True,True,True
hair_clean_v1_20260907_053616/original/val/피지과다/피지과다_00162.jpg,4,2,4,2,False,True,False
hair_clean_v1_20260907_053616/original/val/피지과다/피지과다_00163.jpg,4,4,4,4,True,True,True
hair_clean_v1_20260907_053616/original/val/피지과다/피지과다_00164.jpg,4,4,4,4,True,True,True
hair_clean_v1_20260907_053616/original/val/피지과다/피지과다_00165.jpg,4,4,4,4,True,True,True
hair_clean_v1_20260907_053616/original/val/피지과다/피지과다_00166.jpg,4,4,4,4,True,True,True
hair_clean_v1_20260907_053616/original/val/피지과다/피지과다_00167.jpg,4,4,4,4,True,True,True
hair_clean_v1_20260907_053616/original/val/피지과다/피지과다_00168.jpg,4,4,4,4,True,True,True
hair_clean_v1_20260907_053616/original/val/피지과다/피지과다_00169.jpg,4,4,4,4,True,True,True
hair_clean_v1_20260907_053616/original/val/피지과다/피지과다_00170.jpg,4,4,4,4,True,True,True
hair_clean_v1_20260907_053616/original/val/피지과다/피지과다_00171.jpg,4,4,4,4,True,True,True
hair_clean_v1_20260907_053616/original/val/피지과다/피지과다_00172.jpg,4,0,0,0,False,False,False
hair_clean_v1_20260907_053616/original/val/피지과다/피지과다_00173.jpg,4,4,4,4,True,True,True
hair_clean_v1_20260907_053616/original/val/피지과다/피지과다_00174.jpg,4,2,2,2,False,False,False
hair_clean_v1_20260907_053616/original/val/피지과다/피지과다_00175.jpg,4,3,3,3,False,False,False
hair_clean_v1_20260907_053616/original/val/피지과다/피지과다_00176.jpg,4,4,4,4,True,True,True
hair_clean_v1_20260907_053616/original/val/피지과다/피지과다_00177.jpg,4,4,4,4,True,True,True
hair_clean_v1_20260907_053616/original/val/피지과다/피지과다_00178.jpg,4,4,4,4,True,True,True
hair_clean_v1_20260907_053616/original/val/피지과다/피지과다_00179.jpg,4,4,2,2,True,False,False
hair_clean_v1_20260907_053616/original/val/피지과다/피지과다_00180.jpg,4,1,4,4,False,True,True
hair_clean_v1_20260907_053616/original/val/피지과다/피지과다_00181.jpg,4,2,2,2,False,False,False
hair_clean_v1_20260907_053616/original/val/피지과다/피지과다_00182.jpg,4,4,4,4,True,True,True
hair_clean_v1_20260907_053616/original/val/피지과다/피지과다_00183.jpg,4,4,4,4,True,True,True
hair_clean_v1_20260907_053616/original/val/피지과다/피지과다_00184.jpg,4,4,4,4,True,True,True
hair_clean_v1_20260907_053616/original/val/피지과다/피지과다_00185.jpg,4,4,4,4,True,True,True
hair_clean_v1_20260907_053616/original/val/피지과다/피지과다_00186.jpg,4,4,4,4,True,True,True
hair_clean_v1_20260907_053616/original/val/피지과다/피지과다_00187.jpg,4,4,4,4,True,True,True
hair_clean_v1_20260907_053616/original/val/피지과다/피지과다_00188.jpg,4,4,4,4,True,True,True
hair_clean_v1_20260907_053616/original/val/피지과다/피지과다_00189.jpg,4,4,4,4,True,True,True
hair_clean_v1_20260907_053616/original/val/피지과다/피지과다_00190.jpg,4,1,1,1,False,False,False
hair_clean_v1_20260907_053616/original/val/피지과다/피지과다_00191.jpg,4,4,4,4,True,True,True
hair_clean_v1_20260907_053616/original/val/피지과다/피지과다_00192.jpg,4,4,4,4,True,True,True
hair_clean_v1_20260907_053616/original/val/피지과다/피지과다_00193.jpg,4,0,0,0,False,False,False
hair_clean_v1_20260907_053616/original/val/피지과다/피지과다_00194.jpg,4,4,4,4,True,True,True
hair_clean_v1_20260907_053616/original/val/피지과다/피지과다_00195.jpg,4,4,4,4,True,True,True
hair_clean_v1_20260907_053616/original/val/피지과다/피지과다_00196.jpg,4,4,4,4,True,True,True
hair_clean_v1_20260907_053616/original/val/피지과다/피지과다_00197.jpg,4,4,4,4,True,True,True
hair_clean_v1_20260907_053616/original/val/피지과다/피지과다_00198.jpg,4,2,2,2,False,False,False
hair_clean_v1_20260907_053616/original/val/피지과다/피지과다_00199.jpg,4,4,4,4,True,True,True
hair_clean_v1_20260907_053616/original/val/피지과다/피지과다_00200.jpg,4,4,4,4,True,True,True
hair_clean_v1_20260907_053616/original/val/피지과다/피지과다_00201.jpg,4,4,4,4,True,True,True
hair_clean_v1_20260907_053616/original/val/피지과다/피지과다_00202.jpg,4,4,4,4,True,True,True
hair_clean_v1_20260907_053616/original/val/피지과다/피지과다_00203.jpg,4,4,4,4,True,True,True
hair_clean_v1_20260907_053616/original/val/피지과다/피지과다_00204.jpg,4,4,4,4,True,True,True
hair_clean_v1_20260907_053616/original/val/피지과다/피지과다_00205.jpg,4,1,1,1,False,False,False
hair_clean_v1_20260907_053616/original/val/피지과다/피지과다_00206.jpg,4,4,4,4,True,True,True
hair_clean_v1_20260907_053616/original/val/피지과다/피지과다_00207.jpg,4,4,4,4,True,True,True
hair_clean_v1_20260907_053616/original/val/피지과다/피지과다_00208.jpg,4,4,4,4,True,True,True
hair_clean_v1_20260907_053616/original/val/피지과다/피지과다_00209.jpg,4,2,2,2,False,False,False
hair_clean_v1_20260907_053616/original/val/피지과다/피지과다_00210.jpg,4,4,4,4,True,True,True
hair_clean_v1_20260907_053616/original/val/피지과다/피지과다_00211.jpg,4,4,4,4,True,True,True
hair_clean_v1_20260907_053616/original/val/피지과다/피지과다_00212.jpg,4,4,4,4,True,True,True
hair_clean_v1_20260907_053616/original/val/피지과다/피지과다_00213.jpg,4,4,4,4,True,True,True
hair_clean_v1_20260907_053616/original/val/피지과다/피지과다_00214.jpg,4,2,4,2,False,True,False
hair_clean_v1_20260907_053616/original/val/피지과다/피지과다_00215.jpg,4,4,4,4,True,True,True
hair_clean_v1_20260907_053616/original/val/피지과다/피지과다_00216.jpg,4,3,0,3,False,False,False
hair_clean_v1_20260907_053616/original/val/피지과다/피지과다_00217.jpg,4,4,4,4,True,True,True
hair_clean_v1_20260907_053616/original/val/피지과다/피지과다_00218.jpg,4,4,4,4,True,True,True
hair_clean_v1_20260907_053616/original/val/피지과다/피지과다_00219.jpg,4,4,4,4,True,True,True
hair_clean_v1_20260907_053616/original/val/피지과다/피지과다_00220.jpg,4,4,4,4,True,True,True
hair_clean_v1_20260907_053616/original/val/피지과다/피지과다_00221.jpg,4,4,4,4,True,True,True
hair_clean_v1_20260907_053616/original/val/피지과다/피지과다_00222.jpg,4,0,0,0,False,False,False
hair_clean_v1_20260907_053616/original/val/피지과다/피지과다_00223.jpg,4,4,4,4,True,True,True
hair_clean_v1_20260907_053616/original/val/피지과다/피지과다_00224.jpg,4,2,1,2,False,False,False
hair_clean_v1_20260907_053616/original/val/피지과다/피지과다_00225.jpg,4,4,4,4,True,True,True
hair_clean_v1_20260907_053616/original/val/피지과다/피지과다_00226.jpg,4,4,4,4,True,True,True
hair_clean_v1_20260907_053616/original/val/피지과다/피지과다_00227.jpg,4,4,4,4,True,True,True
hair_clean_v1_20260907_053616/original/val/피지과다/피지과다_00228.jpg,4,4,4,4,True,True,True
hair_clean_v1_20260907_053616/original/val/피지과다/피지과다_00229.jpg,4,2,2,2,False,False,False
hair_clean_v1_20260907_053616/original/val/피지과다/피지과다_00230.jpg,4,3,3,3,False,False,False
hair_clean_v1_20260907_053616/original/val/피지과다/피지과다_00231.jpg,4,4,4,4,True,True,True
hair_clean_v1_20260907_053616/original/val/피지과다/피지과다_00232.jpg,4,4,4,4,True,True,True
hair_clean_v1_20260907_053616/original/val/피지과다/피지과다_00233.jpg,4,4,4,4,True,True,True
hair_clean_v1_20260907_053616/original/val/피지과다/피지과다_00234.jpg,4,4,4,4,True,True,True
hair_clean_v1_20260907_053616/original/val/피지과다/피지과다_00235.jpg,4,3,3,3,False,False,False
hair_clean_v1_20260907_053616/original/val/피지과다/피지과다_00236.jpg,4,4,4,4,True,True,True
hair_clean_v1_20260907_053616/original/val/피지과다/피지과다_00237.jpg,4,4,4,4,True,True,True
hair_clean_v1_20260907_053616/original/val/피지과다/피지과다_00238.jpg,4,4,4,4,True,True,True
hair_clean_v1_20260907_053616/original/val/피지과다/피지과다_00239.jpg,4,4,4,4,True,True,True
hair_clean_v1_20260907_053616/original/val/피지과다/피지과다_00240.jpg,4,4,4,4,True,True,True
hair_clean_v1_20260907_053616/original/val/피지과다/피지과다_00241.jpg,4,4,4,4,True,True,True
hair_clean_v1_20260907_053616/original/val/피지과다/피지과다_00242.jpg,4,4,4,4,True,True,True
hair_clean_v1_20260907_053616/original/val/피지과다/피지과다_00243.jpg,4,3,3,3,False,False,False
hair_clean_v1_20260907_053616/original/val/피지과다/피지과다_00244.jpg,4,4,4,4,True,True,True
hair_clean_v1_20260907_053616/original/val/피지과다/피지과다_00245.jpg,4,4,4,4,True,True,True
hair_clean_v1_20260907_053616/original/val/피지과다/피지과다_00246.jpg,4,4,4,4,True,True,True
hair_clean_v1_20260907_053616/original/val/피지과다/피지과다_00247.jpg,4,4,4,4,True,True,True
hair_clean_v1_20260907_053616/original/val/피지과다/피지과다_00248.jpg,4,4,4,4,True,True,True
hair_clean_v1_20260907_053616/original/val/피지과다/피지과다_00249.jpg,4,4,4,4,True,True,True
hair_clean_v1_20260907_053616/original/val/피지과다/피지과다_00250.jpg,4,4,4,4,True,True,True
hair_clean_v1_20260907_053616/original/val/피지과다/피지과다_00251.jpg,4,4,4,4,True,True,True
hair_clean_v1_20260907_053616/original/val/피지과다/피지과다_00252.jpg,4,4,4,4,True,True,True
hair_clean_v1_20260907_053616/original/val/피지과다/피지과다_00253.jpg,4,0,0,0,False,False,False
hair_clean_v1_20260907_053616/original/val/피지과다/피지과다_00254.jpg,4,4,4,4,True,True,True
hair_clean_v1_20260907_053616/original/val/피지과다/피지과다_00255.jpg,4,4,4,4,True,True,True
hair_clean_v1_20260907_053616/original/val/피지과다/피지과다_00256.jpg,4,4,4,4,True,True,True
hair_clean_v1_20260907_053616/original/val/피지과다/피지과다_00257.jpg,4,4,4,4,True,True,True
hair_clean_v1_20260907_053616/original/val/피지과다/피지과다_00258.jpg,4,4,4,4,True,True,True
hair_clean_v1_20260907_053616/original/val/피지과다/피지과다_00259.jpg,4,4,4,4,True,True,True
hair_clean_v1_20260907_053616/original/val/피지과다/피지과다_00260.jpg,4,4,4,4,True,True,True
hair_clean_v1_20260907_053616/original/val/피지과다/피지과다_00261.jpg,4,4,4,4,True,True,True
hair_clean_v1_20260907_053616/original/val/피지과다/피지과다_00262.jpg,4,4,4,4,True,True,True
